entity,total_occurrences,n_sections_touched_exp8,dominant_chapter_A,dominance_ratio_A,n_chapters_touched_A,dominant_chapter_B,dominance_ratio_B,n_chapters_touched_B,histogram_A,histogram_B
조선,11,9,A1_V1_조선의_성립,1.0,1,B1_V1_건국,0.7273,2,"{""A1_V1_조선의_성립"": 11, ""A2_V2_사림_세력의_성장"": 0, ""A3_V3_왜란과_호란의_극복"": 0, ""A4_VI1_붕당_정치와_탕평책"": 0}","{""B1_V1_건국"": 8, ""B2_V1_조선의_통치_제도"": 3, ""B3_V1_15세기_민족_문화의_발달"": 0, ""B4_V2_사림_세력의_성장"": 0, ""B5_V3_왜란과_호란의_극복"": 0, ""B6_VI1_붕당_정치와_탕평책"": 0}"
이성계,6,6,A1_V1_조선의_성립,1.0,1,B1_V1_건국,1.0,1,"{""A1_V1_조선의_성립"": 6, ""A2_V2_사림_세력의_성장"": 0, ""A3_V3_왜란과_호란의_극복"": 0, ""A4_VI1_붕당_정치와_탕평책"": 0}","{""B1_V1_건국"": 6, ""B2_V1_조선의_통치_제도"": 0, ""B3_V1_15세기_민족_문화의_발달"": 0, ""B4_V2_사림_세력의_성장"": 0, ""B5_V3_왜란과_호란의_극복"": 0, ""B6_VI1_붕당_정치와_탕평책"": 0}"
정도전,6,6,A1_V1_조선의_성립,1.0,1,B1_V1_건국,1.0,1,"{""A1_V1_조선의_성립"": 6, ""A2_V2_사림_세력의_성장"": 0, ""A3_V3_왜란과_호란의_극복"": 0, ""A4_VI1_붕당_정치와_탕평책"": 0}","{""B1_V1_건국"": 6, ""B2_V1_조선의_통치_제도"": 0, ""B3_V1_15세기_민족_문화의_발달"": 0, ""B4_V2_사림_세력의_성장"": 0, ""B5_V3_왜란과_호란의_극복"": 0, ""B6_VI1_붕당_정치와_탕평책"": 0}"
조준,6,6,A1_V1_조선의_성립,1.0,1,B1_V1_건국,1.0,1,"{""A1_V1_조선의_성립"": 6, ""A2_V2_사림_세력의_성장"": 0, ""A3_V3_왜란과_호란의_극복"": 0, ""A4_VI1_붕당_정치와_탕평책"": 0}","{""B1_V1_건국"": 6, ""B2_V1_조선의_통치_제도"": 0, ""B3_V1_15세기_민족_문화의_발달"": 0, ""B4_V2_사림_세력의_성장"": 0, ""B5_V3_왜란과_호란의_극복"": 0, ""B6_VI1_붕당_정치와_탕평책"": 0}"
우왕,6,6,A1_V1_조선의_성립,1.0,1,B1_V1_건국,1.0,1,"{""A1_V1_조선의_성립"": 6, ""A2_V2_사림_세력의_성장"": 0, ""A3_V3_왜란과_호란의_극복"": 0, ""A4_VI1_붕당_정치와_탕평책"": 0}","{""B1_V1_건국"": 6, ""B2_V1_조선의_통치_제도"": 0, ""B3_V1_15세기_민족_문화의_발달"": 0, ""B4_V2_사림_세력의_성장"": 0, ""B5_V3_왜란과_호란의_극복"": 0, ""B6_VI1_붕당_정치와_탕평책"": 0}"
최영,6,6,A1_V1_조선의_성립,1.0,1,B1_V1_건국,1.0,1,"{""A1_V1_조선의_성립"": 6, ""A2_V2_사림_세력의_성장"": 0, ""A3_V3_왜란과_호란의_극복"": 0, ""A4_VI1_붕당_정치와_탕평책"": 0}","{""B1_V1_건국"": 6, ""B2_V1_조선의_통치_제도"": 0, ""B3_V1_15세기_민족_문화의_발달"": 0, ""B4_V2_사림_세력의_성장"": 0, ""B5_V3_왜란과_호란의_극복"": 0, ""B6_VI1_붕당_정치와_탕평책"": 0}"
과전법,6,6,A1_V1_조선의_성립,1.0,1,B1_V1_건국,1.0,1,"{""A1_V1_조선의_성립"": 6, ""A2_V2_사림_세력의_성장"": 0, ""A3_V3_왜란과_호란의_극복"": 0, ""A4_VI1_붕당_정치와_탕평책"": 0}","{""B1_V1_건국"": 6, ""B2_V1_조선의_통치_제도"": 0, ""B3_V1_15세기_민족_문화의_발달"": 0, ""B4_V2_사림_세력의_성장"": 0, ""B5_V3_왜란과_호란의_극복"": 0, ""B6_VI1_붕당_정치와_탕평책"": 0}"
정몽주,6,6,A1_V1_조선의_성립,1.0,1,B1_V1_건국,1.0,1,"{""A1_V1_조선의_성립"": 6, ""A2_V2_사림_세력의_성장"": 0, ""A3_V3_왜란과_호란의_극복"": 0, ""A4_VI1_붕당_정치와_탕평책"": 0}","{""B1_V1_건국"": 6, ""B2_V1_조선의_통치_제도"": 0, ""B3_V1_15세기_민족_문화의_발달"": 0, ""B4_V2_사림_세력의_성장"": 0, ""B5_V3_왜란과_호란의_극복"": 0, ""B6_VI1_붕당_정치와_탕평책"": 0}"
한양,11,11,A1_V1_조선의_성립,0.5455,3,B1_V1_건국,0.5455,3,"{""A1_V1_조선의_성립"": 6, ""A2_V2_사림_세력의_성장"": 1, ""A3_V3_왜란과_호란의_극복"": 4, ""A4_VI1_붕당_정치와_탕평책"": 0}","{""B1_V1_건국"": 6, ""B2_V1_조선의_통치_제도"": 0, ""B3_V1_15세기_민족_문화의_발달"": 0, ""B4_V2_사림_세력의_성장"": 1, ""B5_V3_왜란과_호란의_극복"": 4, ""B6_VI1_붕당_정치와_탕평책"": 0}"
태조,6,6,A1_V1_조선의_성립,1.0,1,B1_V1_건국,1.0,1,"{""A1_V1_조선의_성립"": 6, ""A2_V2_사림_세력의_성장"": 0, ""A3_V3_왜란과_호란의_극복"": 0, ""A4_VI1_붕당_정치와_탕평책"": 0}","{""B1_V1_건국"": 6, ""B2_V1_조선의_통치_제도"": 0, ""B3_V1_15세기_민족_문화의_발달"": 0, ""B4_V2_사림_세력의_성장"": 0, ""B5_V3_왜란과_호란의_극복"": 0, ""B6_VI1_붕당_정치와_탕평책"": 0}"
방원 (태종),6,6,A1_V1_조선의_성립,1.0,1,B1_V1_건국,1.0,1,"{""A1_V1_조선의_성립"": 6, ""A2_V2_사림_세력의_성장"": 0, ""A3_V3_왜란과_호란의_극복"": 0, ""A4_VI1_붕당_정치와_탕평책"": 0}","{""B1_V1_건국"": 6, ""B2_V1_조선의_통치_제도"": 0, ""B3_V1_15세기_민족_문화의_발달"": 0, ""B4_V2_사림_세력의_성장"": 0, ""B5_V3_왜란과_호란의_극복"": 0, ""B6_VI1_붕당_정치와_탕평책"": 0}"
정종,6,6,A1_V1_조선의_성립,1.0,1,B1_V1_건국,1.0,1,"{""A1_V1_조선의_성립"": 6, ""A2_V2_사림_세력의_성장"": 0, ""A3_V3_왜란과_호란의_극복"": 0, ""A4_VI1_붕당_정치와_탕평책"": 0}","{""B1_V1_건국"": 6, ""B2_V1_조선의_통치_제도"": 0, ""B3_V1_15세기_민족_문화의_발달"": 0, ""B4_V2_사림_세력의_성장"": 0, ""B5_V3_왜란과_호란의_극복"": 0, ""B6_VI1_붕당_정치와_탕평책"": 0}"
호패법,6,6,A1_V1_조선의_성립,1.0,1,B1_V1_건국,1.0,1,"{""A1_V1_조선의_성립"": 6, ""A2_V2_사림_세력의_성장"": 0, ""A3_V3_왜란과_호란의_극복"": 0, ""A4_VI1_붕당_정치와_탕평책"": 0}","{""B1_V1_건국"": 6, ""B2_V1_조선의_통치_제도"": 0, ""B3_V1_15세기_민족_문화의_발달"": 0, ""B4_V2_사림_세력의_성장"": 0, ""B5_V3_왜란과_호란의_극복"": 0, ""B6_VI1_붕당_정치와_탕평책"": 0}"
세종,6,6,A1_V1_조선의_성립,1.0,1,B1_V1_건국,1.0,1,"{""A1_V1_조선의_성립"": 6, ""A2_V2_사림_세력의_성장"": 0, ""A3_V3_왜란과_호란의_극복"": 0, ""A4_VI1_붕당_정치와_탕평책"": 0}","{""B1_V1_건국"": 6, ""B2_V1_조선의_통치_제도"": 0, ""B3_V1_15세기_민족_문화의_발달"": 0, ""B4_V2_사림_세력의_성장"": 0, ""B5_V3_왜란과_호란의_극복"": 0, ""B6_VI1_붕당_정치와_탕평책"": 0}"
집현전,6,6,A1_V1_조선의_성립,1.0,1,B1_V1_건국,1.0,1,"{""A1_V1_조선의_성립"": 6, ""A2_V2_사림_세력의_성장"": 0, ""A3_V3_왜란과_호란의_극복"": 0, ""A4_VI1_붕당_정치와_탕평책"": 0}","{""B1_V1_건국"": 6, ""B2_V1_조선의_통치_제도"": 0, ""B3_V1_15세기_민족_문화의_발달"": 0, ""B4_V2_사림_세력의_성장"": 0, ""B5_V3_왜란과_호란의_극복"": 0, ""B6_VI1_붕당_정치와_탕평책"": 0}"
단종,6,6,A1_V1_조선의_성립,1.0,1,B1_V1_건국,1.0,1,"{""A1_V1_조선의_성립"": 6, ""A2_V2_사림_세력의_성장"": 0, ""A3_V3_왜란과_호란의_극복"": 0, ""A4_VI1_붕당_정치와_탕평책"": 0}","{""B1_V1_건국"": 6, ""B2_V1_조선의_통치_제도"": 0, ""B3_V1_15세기_민족_문화의_발달"": 0, ""B4_V2_사림_세력의_성장"": 0, ""B5_V3_왜란과_호란의_극복"": 0, ""B6_VI1_붕당_정치와_탕평책"": 0}"
세조,6,6,A1_V1_조선의_성립,1.0,1,B1_V1_건국,1.0,1,"{""A1_V1_조선의_성립"": 6, ""A2_V2_사림_세력의_성장"": 0, ""A3_V3_왜란과_호란의_극복"": 0, ""A4_VI1_붕당_정치와_탕평책"": 0}","{""B1_V1_건국"": 6, ""B2_V1_조선의_통치_제도"": 0, ""B3_V1_15세기_민족_문화의_발달"": 0, ""B4_V2_사림_세력의_성장"": 0, ""B5_V3_왜란과_호란의_극복"": 0, ""B6_VI1_붕당_정치와_탕평책"": 0}"
성삼문,6,6,A1_V1_조선의_성립,1.0,1,B1_V1_건국,1.0,1,"{""A1_V1_조선의_성립"": 6, ""A2_V2_사림_세력의_성장"": 0, ""A3_V3_왜란과_호란의_극복"": 0, ""A4_VI1_붕당_정치와_탕평책"": 0}","{""B1_V1_건국"": 6, ""B2_V1_조선의_통치_제도"": 0, ""B3_V1_15세기_민족_문화의_발달"": 0, ""B4_V2_사림_세력의_성장"": 0, ""B5_V3_왜란과_호란의_극복"": 0, ""B6_VI1_붕당_정치와_탕평책"": 0}"
공신,6,6,A1_V1_조선의_성립,1.0,1,B1_V1_건국,1.0,1,"{""A1_V1_조선의_성립"": 6, ""A2_V2_사림_세력의_성장"": 0, ""A3_V3_왜란과_호란의_극복"": 0, ""A4_VI1_붕당_정치와_탕평책"": 0}","{""B1_V1_건국"": 6, ""B2_V1_조선의_통치_제도"": 0, ""B3_V1_15세기_민족_문화의_발달"": 0, ""B4_V2_사림_세력의_성장"": 0, ""B5_V3_왜란과_호란의_극복"": 0, ""B6_VI1_붕당_정치와_탕평책"": 0}"
직전법,6,6,A1_V1_조선의_성립,1.0,1,B1_V1_건국,1.0,1,"{""A1_V1_조선의_성립"": 6, ""A2_V2_사림_세력의_성장"": 0, ""A3_V3_왜란과_호란의_극복"": 0, ""A4_VI1_붕당_정치와_탕평책"": 0}","{""B1_V1_건국"": 6, ""B2_V1_조선의_통치_제도"": 0, ""B3_V1_15세기_민족_문화의_발달"": 0, ""B4_V2_사림_세력의_성장"": 0, ""B5_V3_왜란과_호란의_극복"": 0, ""B6_VI1_붕당_정치와_탕평책"": 0}"
함경도,6,6,A1_V1_조선의_성립,1.0,1,B1_V1_건국,1.0,1,"{""A1_V1_조선의_성립"": 6, ""A2_V2_사림_세력의_성장"": 0, ""A3_V3_왜란과_호란의_극복"": 0, ""A4_VI1_붕당_정치와_탕평책"": 0}","{""B1_V1_건국"": 6, ""B2_V1_조선의_통치_제도"": 0, ""B3_V1_15세기_민족_문화의_발달"": 0, ""B4_V2_사림_세력의_성장"": 0, ""B5_V3_왜란과_호란의_극복"": 0, ""B6_VI1_붕당_정치와_탕평책"": 0}"
성종,6,6,A1_V1_조선의_성립,1.0,1,B1_V1_건국,1.0,1,"{""A1_V1_조선의_성립"": 6, ""A2_V2_사림_세력의_성장"": 0, ""A3_V3_왜란과_호란의_극복"": 0, ""A4_VI1_붕당_정치와_탕평책"": 0}","{""B1_V1_건국"": 6, ""B2_V1_조선의_통치_제도"": 0, ""B3_V1_15세기_민족_문화의_발달"": 0, ""B4_V2_사림_세력의_성장"": 0, ""B5_V3_왜란과_호란의_극복"": 0, ""B6_VI1_붕당_정치와_탕평책"": 0}"
경국대전,6,6,A1_V1_조선의_성립,1.0,1,B1_V1_건국,1.0,1,"{""A1_V1_조선의_성립"": 6, ""A2_V2_사림_세력의_성장"": 0, ""A3_V3_왜란과_호란의_극복"": 0, ""A4_VI1_붕당_정치와_탕평책"": 0}","{""B1_V1_건국"": 6, ""B2_V1_조선의_통치_제도"": 0, ""B3_V1_15세기_민족_문화의_발달"": 0, ""B4_V2_사림_세력의_성장"": 0, ""B5_V3_왜란과_호란의_극복"": 0, ""B6_VI1_붕당_정치와_탕평책"": 0}"
성리학,6,6,A1_V1_조선의_성립,1.0,1,B1_V1_건국,1.0,1,"{""A1_V1_조선의_성립"": 6, ""A2_V2_사림_세력의_성장"": 0, ""A3_V3_왜란과_호란의_극복"": 0, ""A4_VI1_붕당_정치와_탕평책"": 0}","{""B1_V1_건국"": 6, ""B2_V1_조선의_통치_제도"": 0, ""B3_V1_15세기_민족_문화의_발달"": 0, ""B4_V2_사림_세력의_성장"": 0, ""B5_V3_왜란과_호란의_극복"": 0, ""B6_VI1_붕당_정치와_탕평책"": 0}"
덕치주의,6,6,A1_V1_조선의_성립,1.0,1,B1_V1_건국,1.0,1,"{""A1_V1_조선의_성립"": 6, ""A2_V2_사림_세력의_성장"": 0, ""A3_V3_왜란과_호란의_극복"": 0, ""A4_VI1_붕당_정치와_탕평책"": 0}","{""B1_V1_건국"": 6, ""B2_V1_조선의_통치_제도"": 0, ""B3_V1_15세기_민족_문화의_발달"": 0, ""B4_V2_사림_세력의_성장"": 0, ""B5_V3_왜란과_호란의_극복"": 0, ""B6_VI1_붕당_정치와_탕평책"": 0}"
백성,12,12,A1_V1_조선의_성립,1.0,1,B1_V1_건국,0.5,3,"{""A1_V1_조선의_성립"": 12, ""A2_V2_사림_세력의_성장"": 0, ""A3_V3_왜란과_호란의_극복"": 0, ""A4_VI1_붕당_정치와_탕평책"": 0}","{""B1_V1_건국"": 6, ""B2_V1_조선의_통치_제도"": 4, ""B3_V1_15세기_민족_문화의_발달"": 2, ""B4_V2_사림_세력의_성장"": 0, ""B5_V3_왜란과_호란의_극복"": 0, ""B6_VI1_붕당_정치와_탕평책"": 0}"
농업,6,6,A1_V1_조선의_성립,1.0,1,B1_V1_건국,1.0,1,"{""A1_V1_조선의_성립"": 6, ""A2_V2_사림_세력의_성장"": 0, ""A3_V3_왜란과_호란의_극복"": 0, ""A4_VI1_붕당_정치와_탕평책"": 0}","{""B1_V1_건국"": 6, ""B2_V1_조선의_통치_제도"": 0, ""B3_V1_15세기_민족_문화의_발달"": 0, ""B4_V2_사림_세력의_성장"": 0, ""B5_V3_왜란과_호란의_극복"": 0, ""B6_VI1_붕당_정치와_탕평책"": 0}"
군사권,6,6,A1_V1_조선의_성립,1.0,1,B1_V1_건국,1.0,1,"{""A1_V1_조선의_성립"": 6, ""A2_V2_사림_세력의_성장"": 0, ""A3_V3_왜란과_호란의_극복"": 0, ""A4_VI1_붕당_정치와_탕평책"": 0}","{""B1_V1_건국"": 6, ""B2_V1_조선의_통치_제도"": 0, ""B3_V1_15세기_민족_문화의_발달"": 0, ""B4_V2_사림_세력의_성장"": 0, ""B5_V3_왜란과_호란의_극복"": 0, ""B6_VI1_붕당_정치와_탕평책"": 0}"
군사력,6,6,A1_V1_조선의_성립,1.0,1,B1_V1_건국,1.0,1,"{""A1_V1_조선의_성립"": 6, ""A2_V2_사림_세력의_성장"": 0, ""A3_V3_왜란과_호란의_극복"": 0, ""A4_VI1_붕당_정치와_탕평책"": 0}","{""B1_V1_건국"": 6, ""B2_V1_조선의_통치_제도"": 0, ""B3_V1_15세기_민족_문화의_발달"": 0, ""B4_V2_사림_세력의_성장"": 0, ""B5_V3_왜란과_호란의_극복"": 0, ""B6_VI1_붕당_정치와_탕평책"": 0}"
국가 기틀,6,6,A1_V1_조선의_성립,1.0,1,B1_V1_건국,1.0,1,"{""A1_V1_조선의_성립"": 6, ""A2_V2_사림_세력의_성장"": 0, ""A3_V3_왜란과_호란의_극복"": 0, ""A4_VI1_붕당_정치와_탕평책"": 0}","{""B1_V1_건국"": 6, ""B2_V1_조선의_통치_제도"": 0, ""B3_V1_15세기_민족_문화의_발달"": 0, ""B4_V2_사림_세력의_성장"": 0, ""B5_V3_왜란과_호란의_극복"": 0, ""B6_VI1_붕당_정치와_탕평책"": 0}"
전국,6,6,A1_V1_조선의_성립,1.0,1,B1_V1_건국,1.0,1,"{""A1_V1_조선의_성립"": 6, ""A2_V2_사림_세력의_성장"": 0, ""A3_V3_왜란과_호란의_극복"": 0, ""A4_VI1_붕당_정치와_탕평책"": 0}","{""B1_V1_건국"": 6, ""B2_V1_조선의_통치_제도"": 0, ""B3_V1_15세기_민족_문화의_발달"": 0, ""B4_V2_사림_세력의_성장"": 0, ""B5_V3_왜란과_호란의_극복"": 0, ""B6_VI1_붕당_정치와_탕평책"": 0}"
문화,6,6,A1_V1_조선의_성립,1.0,1,B1_V1_건국,1.0,1,"{""A1_V1_조선의_성립"": 6, ""A2_V2_사림_세력의_성장"": 0, ""A3_V3_왜란과_호란의_극복"": 0, ""A4_VI1_붕당_정치와_탕평책"": 0}","{""B1_V1_건국"": 6, ""B2_V1_조선의_통치_제도"": 0, ""B3_V1_15세기_민족_문화의_발달"": 0, ""B4_V2_사림_세력의_성장"": 0, ""B5_V3_왜란과_호란의_극복"": 0, ""B6_VI1_붕당_정치와_탕평책"": 0}"
반란,6,6,A1_V1_조선의_성립,1.0,1,B1_V1_건국,1.0,1,"{""A1_V1_조선의_성립"": 6, ""A2_V2_사림_세력의_성장"": 0, ""A3_V3_왜란과_호란의_극복"": 0, ""A4_VI1_붕당_정치와_탕평책"": 0}","{""B1_V1_건국"": 6, ""B2_V1_조선의_통치_제도"": 0, ""B3_V1_15세기_민족_문화의_발달"": 0, ""B4_V2_사림_세력의_성장"": 0, ""B5_V3_왜란과_호란의_극복"": 0, ""B6_VI1_붕당_정치와_탕평책"": 0}"
사병,6,6,A1_V1_조선의_성립,1.0,1,B1_V1_건국,1.0,1,"{""A1_V1_조선의_성립"": 6, ""A2_V2_사림_세력의_성장"": 0, ""A3_V3_왜란과_호란의_극복"": 0, ""A4_VI1_붕당_정치와_탕평책"": 0}","{""B1_V1_건국"": 6, ""B2_V1_조선의_통치_제도"": 0, ""B3_V1_15세기_민족_문화의_발달"": 0, ""B4_V2_사림_세력의_성장"": 0, ""B5_V3_왜란과_호란의_극복"": 0, ""B6_VI1_붕당_정치와_탕평책"": 0}"
이방원,5,5,A1_V1_조선의_성립,1.0,1,B2_V1_조선의_통치_제도,0.6,2,"{""A1_V1_조선의_성립"": 5, ""A2_V2_사림_세력의_성장"": 0, ""A3_V3_왜란과_호란의_극복"": 0, ""A4_VI1_붕당_정치와_탕평책"": 0}","{""B1_V1_건국"": 2, ""B2_V1_조선의_통치_제도"": 3, ""B3_V1_15세기_민족_문화의_발달"": 0, ""B4_V2_사림_세력의_성장"": 0, ""B5_V3_왜란과_호란의_극복"": 0, ""B6_VI1_붕당_정치와_탕평책"": 0}"
명,5,5,A1_V1_조선의_성립,1.0,1,B2_V1_조선의_통치_제도,0.6,2,"{""A1_V1_조선의_성립"": 5, ""A2_V2_사림_세력의_성장"": 0, ""A3_V3_왜란과_호란의_극복"": 0, ""A4_VI1_붕당_정치와_탕평책"": 0}","{""B1_V1_건국"": 2, ""B2_V1_조선의_통치_제도"": 3, ""B3_V1_15세기_민족_문화의_발달"": 0, ""B4_V2_사림_세력의_성장"": 0, ""B5_V3_왜란과_호란의_극복"": 0, ""B6_VI1_붕당_정치와_탕평책"": 0}"
충청도,5,5,A1_V1_조선의_성립,1.0,1,B2_V1_조선의_통치_제도,0.6,2,"{""A1_V1_조선의_성립"": 5, ""A2_V2_사림_세력의_성장"": 0, ""A3_V3_왜란과_호란의_극복"": 0, ""A4_VI1_붕당_정치와_탕평책"": 0}","{""B1_V1_건국"": 2, ""B2_V1_조선의_통치_제도"": 3, ""B3_V1_15세기_민족_문화의_발달"": 0, ""B4_V2_사림_세력의_성장"": 0, ""B5_V3_왜란과_호란의_극복"": 0, ""B6_VI1_붕당_정치와_탕평책"": 0}"
전라도,5,5,A1_V1_조선의_성립,1.0,1,B2_V1_조선의_통치_제도,0.6,2,"{""A1_V1_조선의_성립"": 5, ""A2_V2_사림_세력의_성장"": 0, ""A3_V3_왜란과_호란의_극복"": 0, ""A4_VI1_붕당_정치와_탕평책"": 0}","{""B1_V1_건국"": 2, ""B2_V1_조선의_통치_제도"": 3, ""B3_V1_15세기_민족_문화의_발달"": 0, ""B4_V2_사림_세력의_성장"": 0, ""B5_V3_왜란과_호란의_극복"": 0, ""B6_VI1_붕당_정치와_탕평책"": 0}"
경상도,5,5,A1_V1_조선의_성립,1.0,1,B2_V1_조선의_통치_제도,0.6,2,"{""A1_V1_조선의_성립"": 5, ""A2_V2_사림_세력의_성장"": 0, ""A3_V3_왜란과_호란의_극복"": 0, ""A4_VI1_붕당_정치와_탕평책"": 0}","{""B1_V1_건국"": 2, ""B2_V1_조선의_통치_제도"": 3, ""B3_V1_15세기_민족_문화의_발달"": 0, ""B4_V2_사림_세력의_성장"": 0, ""B5_V3_왜란과_호란의_극복"": 0, ""B6_VI1_붕당_정치와_탕평책"": 0}"
평안도,5,5,A1_V1_조선의_성립,1.0,1,B2_V1_조선의_통치_제도,0.6,2,"{""A1_V1_조선의_성립"": 5, ""A2_V2_사림_세력의_성장"": 0, ""A3_V3_왜란과_호란의_극복"": 0, ""A4_VI1_붕당_정치와_탕평책"": 0}","{""B1_V1_건국"": 2, ""B2_V1_조선의_통치_제도"": 3, ""B3_V1_15세기_민족_문화의_발달"": 0, ""B4_V2_사림_세력의_성장"": 0, ""B5_V3_왜란과_호란의_극복"": 0, ""B6_VI1_붕당_정치와_탕평책"": 0}"
압록강,5,5,A1_V1_조선의_성립,1.0,1,B2_V1_조선의_통치_제도,0.6,2,"{""A1_V1_조선의_성립"": 5, ""A2_V2_사림_세력의_성장"": 0, ""A3_V3_왜란과_호란의_극복"": 0, ""A4_VI1_붕당_정치와_탕평책"": 0}","{""B1_V1_건국"": 2, ""B2_V1_조선의_통치_제도"": 3, ""B3_V1_15세기_민족_문화의_발달"": 0, ""B4_V2_사림_세력의_성장"": 0, ""B5_V3_왜란과_호란의_극복"": 0, ""B6_VI1_붕당_정치와_탕평책"": 0}"
두만강,5,5,A1_V1_조선의_성립,1.0,1,B2_V1_조선의_통치_제도,0.6,2,"{""A1_V1_조선의_성립"": 5, ""A2_V2_사림_세력의_성장"": 0, ""A3_V3_왜란과_호란의_극복"": 0, ""A4_VI1_붕당_정치와_탕평책"": 0}","{""B1_V1_건국"": 2, ""B2_V1_조선의_통치_제도"": 3, ""B3_V1_15세기_민족_문화의_발달"": 0, ""B4_V2_사림_세력의_성장"": 0, ""B5_V3_왜란과_호란의_극복"": 0, ""B6_VI1_붕당_정치와_탕평책"": 0}"
여진족,5,5,A1_V1_조선의_성립,1.0,1,B2_V1_조선의_통치_제도,0.6,2,"{""A1_V1_조선의_성립"": 5, ""A2_V2_사림_세력의_성장"": 0, ""A3_V3_왜란과_호란의_극복"": 0, ""A4_VI1_붕당_정치와_탕평책"": 0}","{""B1_V1_건국"": 2, ""B2_V1_조선의_통치_제도"": 3, ""B3_V1_15세기_민족_문화의_발달"": 0, ""B4_V2_사림_세력의_성장"": 0, ""B5_V3_왜란과_호란의_극복"": 0, ""B6_VI1_붕당_정치와_탕평책"": 0}"
최윤덕,5,5,A1_V1_조선의_성립,1.0,1,B2_V1_조선의_통치_제도,0.6,2,"{""A1_V1_조선의_성립"": 5, ""A2_V2_사림_세력의_성장"": 0, ""A3_V3_왜란과_호란의_극복"": 0, ""A4_VI1_붕당_정치와_탕평책"": 0}","{""B1_V1_건국"": 2, ""B2_V1_조선의_통치_제도"": 3, ""B3_V1_15세기_민족_문화의_발달"": 0, ""B4_V2_사림_세력의_성장"": 0, ""B5_V3_왜란과_호란의_극복"": 0, ""B6_VI1_붕당_정치와_탕평책"": 0}"
김종서,5,5,A1_V1_조선의_성립,1.0,1,B2_V1_조선의_통치_제도,0.6,2,"{""A1_V1_조선의_성립"": 5, ""A2_V2_사림_세력의_성장"": 0, ""A3_V3_왜란과_호란의_극복"": 0, ""A4_VI1_붕당_정치와_탕평책"": 0}","{""B1_V1_건국"": 2, ""B2_V1_조선의_통치_제도"": 3, ""B3_V1_15세기_민족_문화의_발달"": 0, ""B4_V2_사림_세력의_성장"": 0, ""B5_V3_왜란과_호란의_극복"": 0, ""B6_VI1_붕당_정치와_탕평책"": 0}"
4군,5,5,A1_V1_조선의_성립,1.0,1,B2_V1_조선의_통치_제도,0.6,2,"{""A1_V1_조선의_성립"": 5, ""A2_V2_사림_세력의_성장"": 0, ""A3_V3_왜란과_호란의_극복"": 0, ""A4_VI1_붕당_정치와_탕평책"": 0}","{""B1_V1_건국"": 2, ""B2_V1_조선의_통치_제도"": 3, ""B3_V1_15세기_민족_문화의_발달"": 0, ""B4_V2_사림_세력의_성장"": 0, ""B5_V3_왜란과_호란의_극복"": 0, ""B6_VI1_붕당_정치와_탕평책"": 0}"
6진,5,5,A1_V1_조선의_성립,1.0,1,B2_V1_조선의_통치_제도,0.6,2,"{""A1_V1_조선의_성립"": 5, ""A2_V2_사림_세력의_성장"": 0, ""A3_V3_왜란과_호란의_극복"": 0, ""A4_VI1_붕당_정치와_탕평책"": 0}","{""B1_V1_건국"": 2, ""B2_V1_조선의_통치_제도"": 3, ""B3_V1_15세기_민족_문화의_발달"": 0, ""B4_V2_사림_세력의_성장"": 0, ""B5_V3_왜란과_호란의_극복"": 0, ""B6_VI1_붕당_정치와_탕평책"": 0}"
조선 수군,5,5,A1_V1_조선의_성립,1.0,1,B2_V1_조선의_통치_제도,0.6,2,"{""A1_V1_조선의_성립"": 5, ""A2_V2_사림_세력의_성장"": 0, ""A3_V3_왜란과_호란의_극복"": 0, ""A4_VI1_붕당_정치와_탕평책"": 0}","{""B1_V1_건국"": 2, ""B2_V1_조선의_통치_제도"": 3, ""B3_V1_15세기_민족_문화의_발달"": 0, ""B4_V2_사림_세력의_성장"": 0, ""B5_V3_왜란과_호란의_극복"": 0, ""B6_VI1_붕당_정치와_탕평책"": 0}"
왜구,5,5,A1_V1_조선의_성립,1.0,1,B2_V1_조선의_통치_제도,0.6,2,"{""A1_V1_조선의_성립"": 5, ""A2_V2_사림_세력의_성장"": 0, ""A3_V3_왜란과_호란의_극복"": 0, ""A4_VI1_붕당_정치와_탕평책"": 0}","{""B1_V1_건국"": 2, ""B2_V1_조선의_통치_제도"": 3, ""B3_V1_15세기_민족_문화의_발달"": 0, ""B4_V2_사림_세력의_성장"": 0, ""B5_V3_왜란과_호란의_극복"": 0, ""B6_VI1_붕당_정치와_탕평책"": 0}"
쓰시마 섬,5,5,A1_V1_조선의_성립,1.0,1,B2_V1_조선의_통치_제도,0.6,2,"{""A1_V1_조선의_성립"": 5, ""A2_V2_사림_세력의_성장"": 0, ""A3_V3_왜란과_호란의_극복"": 0, ""A4_VI1_붕당_정치와_탕평책"": 0}","{""B1_V1_건국"": 2, ""B2_V1_조선의_통치_제도"": 3, ""B3_V1_15세기_민족_문화의_발달"": 0, ""B4_V2_사림_세력의_성장"": 0, ""B5_V3_왜란과_호란의_극복"": 0, ""B6_VI1_붕당_정치와_탕평책"": 0}"
일본,5,5,A1_V1_조선의_성립,1.0,1,B2_V1_조선의_통치_제도,0.6,2,"{""A1_V1_조선의_성립"": 5, ""A2_V2_사림_세력의_성장"": 0, ""A3_V3_왜란과_호란의_극복"": 0, ""A4_VI1_붕당_정치와_탕평책"": 0}","{""B1_V1_건국"": 2, ""B2_V1_조선의_통치_제도"": 3, ""B3_V1_15세기_민족_문화의_발달"": 0, ""B4_V2_사림_세력의_성장"": 0, ""B5_V3_왜란과_호란의_극복"": 0, ""B6_VI1_붕당_정치와_탕평책"": 0}"
제포(진해),5,5,A1_V1_조선의_성립,1.0,1,B2_V1_조선의_통치_제도,0.6,2,"{""A1_V1_조선의_성립"": 5, ""A2_V2_사림_세력의_성장"": 0, ""A3_V3_왜란과_호란의_극복"": 0, ""A4_VI1_붕당_정치와_탕평책"": 0}","{""B1_V1_건국"": 2, ""B2_V1_조선의_통치_제도"": 3, ""B3_V1_15세기_민족_문화의_발달"": 0, ""B4_V2_사림_세력의_성장"": 0, ""B5_V3_왜란과_호란의_극복"": 0, ""B6_VI1_붕당_정치와_탕평책"": 0}"
부산포,5,5,A1_V1_조선의_성립,1.0,1,B2_V1_조선의_통치_제도,0.6,2,"{""A1_V1_조선의_성립"": 5, ""A2_V2_사림_세력의_성장"": 0, ""A3_V3_왜란과_호란의_극복"": 0, ""A4_VI1_붕당_정치와_탕평책"": 0}","{""B1_V1_건국"": 2, ""B2_V1_조선의_통치_제도"": 3, ""B3_V1_15세기_민족_문화의_발달"": 0, ""B4_V2_사림_세력의_성장"": 0, ""B5_V3_왜란과_호란의_극복"": 0, ""B6_VI1_붕당_정치와_탕평책"": 0}"
염포(울산),5,5,A1_V1_조선의_성립,1.0,1,B2_V1_조선의_통치_제도,0.6,2,"{""A1_V1_조선의_성립"": 5, ""A2_V2_사림_세력의_성장"": 0, ""A3_V3_왜란과_호란의_극복"": 0, ""A4_VI1_붕당_정치와_탕평책"": 0}","{""B1_V1_건국"": 2, ""B2_V1_조선의_통치_제도"": 3, ""B3_V1_15세기_민족_문화의_발달"": 0, ""B4_V2_사림_세력의_성장"": 0, ""B5_V3_왜란과_호란의_극복"": 0, ""B6_VI1_붕당_정치와_탕평책"": 0}"
류큐,5,5,A1_V1_조선의_성립,1.0,1,B2_V1_조선의_통치_제도,0.6,2,"{""A1_V1_조선의_성립"": 5, ""A2_V2_사림_세력의_성장"": 0, ""A3_V3_왜란과_호란의_극복"": 0, ""A4_VI1_붕당_정치와_탕평책"": 0}","{""B1_V1_건국"": 2, ""B2_V1_조선의_통치_제도"": 3, ""B3_V1_15세기_민족_문화의_발달"": 0, ""B4_V2_사림_세력의_성장"": 0, ""B5_V3_왜란과_호란의_극복"": 0, ""B6_VI1_붕당_정치와_탕평책"": 0}"
시암(타이),5,5,A1_V1_조선의_성립,1.0,1,B2_V1_조선의_통치_제도,0.6,2,"{""A1_V1_조선의_성립"": 5, ""A2_V2_사림_세력의_성장"": 0, ""A3_V3_왜란과_호란의_극복"": 0, ""A4_VI1_붕당_정치와_탕평책"": 0}","{""B1_V1_건국"": 2, ""B2_V1_조선의_통치_제도"": 3, ""B3_V1_15세기_민족_문화의_발달"": 0, ""B4_V2_사림_세력의_성장"": 0, ""B5_V3_왜란과_호란의_극복"": 0, ""B6_VI1_붕당_정치와_탕평책"": 0}"
자와(자바),5,5,A1_V1_조선의_성립,1.0,1,B2_V1_조선의_통치_제도,0.6,2,"{""A1_V1_조선의_성립"": 5, ""A2_V2_사림_세력의_성장"": 0, ""A3_V3_왜란과_호란의_극복"": 0, ""A4_VI1_붕당_정치와_탕평책"": 0}","{""B1_V1_건국"": 2, ""B2_V1_조선의_통치_제도"": 3, ""B3_V1_15세기_민족_문화의_발달"": 0, ""B4_V2_사림_세력의_성장"": 0, ""B5_V3_왜란과_호란의_극복"": 0, ""B6_VI1_붕당_정치와_탕평책"": 0}"
의정부,5,5,A1_V1_조선의_성립,1.0,1,B2_V1_조선의_통치_제도,0.6,2,"{""A1_V1_조선의_성립"": 5, ""A2_V2_사림_세력의_성장"": 0, ""A3_V3_왜란과_호란의_극복"": 0, ""A4_VI1_붕당_정치와_탕평책"": 0}","{""B1_V1_건국"": 2, ""B2_V1_조선의_통치_제도"": 3, ""B3_V1_15세기_민족_문화의_발달"": 0, ""B4_V2_사림_세력의_성장"": 0, ""B5_V3_왜란과_호란의_극복"": 0, ""B6_VI1_붕당_정치와_탕평책"": 0}"
6조,5,5,A1_V1_조선의_성립,1.0,1,B2_V1_조선의_통치_제도,0.6,2,"{""A1_V1_조선의_성립"": 5, ""A2_V2_사림_세력의_성장"": 0, ""A3_V3_왜란과_호란의_극복"": 0, ""A4_VI1_붕당_정치와_탕평책"": 0}","{""B1_V1_건국"": 2, ""B2_V1_조선의_통치_제도"": 3, ""B3_V1_15세기_민족_문화의_발달"": 0, ""B4_V2_사림_세력의_성장"": 0, ""B5_V3_왜란과_호란의_극복"": 0, ""B6_VI1_붕당_정치와_탕평책"": 0}"
판서,5,5,A1_V1_조선의_성립,1.0,1,B2_V1_조선의_통치_제도,0.6,2,"{""A1_V1_조선의_성립"": 5, ""A2_V2_사림_세력의_성장"": 0, ""A3_V3_왜란과_호란의_극복"": 0, ""A4_VI1_붕당_정치와_탕평책"": 0}","{""B1_V1_건국"": 2, ""B2_V1_조선의_통치_제도"": 3, ""B3_V1_15세기_민족_문화의_발달"": 0, ""B4_V2_사림_세력의_성장"": 0, ""B5_V3_왜란과_호란의_극복"": 0, ""B6_VI1_붕당_정치와_탕평책"": 0}"
사간원,5,5,A1_V1_조선의_성립,1.0,1,B2_V1_조선의_통치_제도,0.6,2,"{""A1_V1_조선의_성립"": 5, ""A2_V2_사림_세력의_성장"": 0, ""A3_V3_왜란과_호란의_극복"": 0, ""A4_VI1_붕당_정치와_탕평책"": 0}","{""B1_V1_건국"": 2, ""B2_V1_조선의_통치_제도"": 3, ""B3_V1_15세기_민족_문화의_발달"": 0, ""B4_V2_사림_세력의_성장"": 0, ""B5_V3_왜란과_호란의_극복"": 0, ""B6_VI1_붕당_정치와_탕평책"": 0}"
사헌부,5,5,A1_V1_조선의_성립,1.0,1,B2_V1_조선의_통치_제도,0.6,2,"{""A1_V1_조선의_성립"": 5, ""A2_V2_사림_세력의_성장"": 0, ""A3_V3_왜란과_호란의_극복"": 0, ""A4_VI1_붕당_정치와_탕평책"": 0}","{""B1_V1_건국"": 2, ""B2_V1_조선의_통치_제도"": 3, ""B3_V1_15세기_민족_문화의_발달"": 0, ""B4_V2_사림_세력의_성장"": 0, ""B5_V3_왜란과_호란의_극복"": 0, ""B6_VI1_붕당_정치와_탕평책"": 0}"
홍문관,5,5,A1_V1_조선의_성립,1.0,1,B2_V1_조선의_통치_제도,0.6,2,"{""A1_V1_조선의_성립"": 5, ""A2_V2_사림_세력의_성장"": 0, ""A3_V3_왜란과_호란의_극복"": 0, ""A4_VI1_붕당_정치와_탕평책"": 0}","{""B1_V1_건국"": 2, ""B2_V1_조선의_통치_제도"": 3, ""B3_V1_15세기_민족_문화의_발달"": 0, ""B4_V2_사림_세력의_성장"": 0, ""B5_V3_왜란과_호란의_극복"": 0, ""B6_VI1_붕당_정치와_탕평책"": 0}"
승정원,5,5,A1_V1_조선의_성립,1.0,1,B2_V1_조선의_통치_제도,0.6,2,"{""A1_V1_조선의_성립"": 5, ""A2_V2_사림_세력의_성장"": 0, ""A3_V3_왜란과_호란의_극복"": 0, ""A4_VI1_붕당_정치와_탕평책"": 0}","{""B1_V1_건국"": 2, ""B2_V1_조선의_통치_제도"": 3, ""B3_V1_15세기_민족_문화의_발달"": 0, ""B4_V2_사림_세력의_성장"": 0, ""B5_V3_왜란과_호란의_극복"": 0, ""B6_VI1_붕당_정치와_탕평책"": 0}"
의금부,5,5,A1_V1_조선의_성립,1.0,1,B2_V1_조선의_통치_제도,0.6,2,"{""A1_V1_조선의_성립"": 5, ""A2_V2_사림_세력의_성장"": 0, ""A3_V3_왜란과_호란의_극복"": 0, ""A4_VI1_붕당_정치와_탕평책"": 0}","{""B1_V1_건국"": 2, ""B2_V1_조선의_통치_제도"": 3, ""B3_V1_15세기_민족_문화의_발달"": 0, ""B4_V2_사림_세력의_성장"": 0, ""B5_V3_왜란과_호란의_극복"": 0, ""B6_VI1_붕당_정치와_탕평책"": 0}"
춘추관,5,5,A1_V1_조선의_성립,1.0,1,B2_V1_조선의_통치_제도,0.6,2,"{""A1_V1_조선의_성립"": 5, ""A2_V2_사림_세력의_성장"": 0, ""A3_V3_왜란과_호란의_극복"": 0, ""A4_VI1_붕당_정치와_탕평책"": 0}","{""B1_V1_건국"": 2, ""B2_V1_조선의_통치_제도"": 3, ""B3_V1_15세기_민족_문화의_발달"": 0, ""B4_V2_사림_세력의_성장"": 0, ""B5_V3_왜란과_호란의_극복"": 0, ""B6_VI1_붕당_정치와_탕평책"": 0}"
성균관,5,5,A1_V1_조선의_성립,1.0,1,B2_V1_조선의_통치_제도,0.6,2,"{""A1_V1_조선의_성립"": 5, ""A2_V2_사림_세력의_성장"": 0, ""A3_V3_왜란과_호란의_극복"": 0, ""A4_VI1_붕당_정치와_탕평책"": 0}","{""B1_V1_건국"": 2, ""B2_V1_조선의_통치_제도"": 3, ""B3_V1_15세기_민족_문화의_발달"": 0, ""B4_V2_사림_세력의_성장"": 0, ""B5_V3_왜란과_호란의_극복"": 0, ""B6_VI1_붕당_정치와_탕평책"": 0}"
한성부,5,5,A1_V1_조선의_성립,1.0,1,B2_V1_조선의_통치_제도,0.6,2,"{""A1_V1_조선의_성립"": 5, ""A2_V2_사림_세력의_성장"": 0, ""A3_V3_왜란과_호란의_극복"": 0, ""A4_VI1_붕당_정치와_탕평책"": 0}","{""B1_V1_건국"": 2, ""B2_V1_조선의_통치_제도"": 3, ""B3_V1_15세기_민족_문화의_발달"": 0, ""B4_V2_사림_세력의_성장"": 0, ""B5_V3_왜란과_호란의_극복"": 0, ""B6_VI1_붕당_정치와_탕평책"": 0}"
삼사,5,5,A1_V1_조선의_성립,1.0,1,B2_V1_조선의_통치_제도,0.6,2,"{""A1_V1_조선의_성립"": 5, ""A2_V2_사림_세력의_성장"": 0, ""A3_V3_왜란과_호란의_극복"": 0, ""A4_VI1_붕당_정치와_탕평책"": 0}","{""B1_V1_건국"": 2, ""B2_V1_조선의_통치_제도"": 3, ""B3_V1_15세기_민족_문화의_발달"": 0, ""B4_V2_사림_세력의_성장"": 0, ""B5_V3_왜란과_호란의_극복"": 0, ""B6_VI1_붕당_정치와_탕평책"": 0}"
전국 8도,5,5,A1_V1_조선의_성립,1.0,1,B2_V1_조선의_통치_제도,0.6,2,"{""A1_V1_조선의_성립"": 5, ""A2_V2_사림_세력의_성장"": 0, ""A3_V3_왜란과_호란의_극복"": 0, ""A4_VI1_붕당_정치와_탕평책"": 0}","{""B1_V1_건국"": 2, ""B2_V1_조선의_통치_제도"": 3, ""B3_V1_15세기_민족_문화의_발달"": 0, ""B4_V2_사림_세력의_성장"": 0, ""B5_V3_왜란과_호란의_극복"": 0, ""B6_VI1_붕당_정치와_탕평책"": 0}"
군·현,5,5,A1_V1_조선의_성립,1.0,1,B2_V1_조선의_통치_제도,0.6,2,"{""A1_V1_조선의_성립"": 5, ""A2_V2_사림_세력의_성장"": 0, ""A3_V3_왜란과_호란의_극복"": 0, ""A4_VI1_붕당_정치와_탕평책"": 0}","{""B1_V1_건국"": 2, ""B2_V1_조선의_통치_제도"": 3, ""B3_V1_15세기_민족_문화의_발달"": 0, ""B4_V2_사림_세력의_성장"": 0, ""B5_V3_왜란과_호란의_극복"": 0, ""B6_VI1_붕당_정치와_탕평책"": 0}"
수령,5,5,A1_V1_조선의_성립,1.0,1,B2_V1_조선의_통치_제도,0.6,2,"{""A1_V1_조선의_성립"": 5, ""A2_V2_사림_세력의_성장"": 0, ""A3_V3_왜란과_호란의_극복"": 0, ""A4_VI1_붕당_정치와_탕평책"": 0}","{""B1_V1_건국"": 2, ""B2_V1_조선의_통치_제도"": 3, ""B3_V1_15세기_민족_문화의_발달"": 0, ""B4_V2_사림_세력의_성장"": 0, ""B5_V3_왜란과_호란의_극복"": 0, ""B6_VI1_붕당_정치와_탕평책"": 0}"
향리,5,5,A1_V1_조선의_성립,1.0,1,B2_V1_조선의_통치_제도,0.6,2,"{""A1_V1_조선의_성립"": 5, ""A2_V2_사림_세력의_성장"": 0, ""A3_V3_왜란과_호란의_극복"": 0, ""A4_VI1_붕당_정치와_탕평책"": 0}","{""B1_V1_건국"": 2, ""B2_V1_조선의_통치_제도"": 3, ""B3_V1_15세기_민족_문화의_발달"": 0, ""B4_V2_사림_세력의_성장"": 0, ""B5_V3_왜란과_호란의_극복"": 0, ""B6_VI1_붕당_정치와_탕평책"": 0}"
6방,5,5,A1_V1_조선의_성립,1.0,1,B2_V1_조선의_통치_제도,0.6,2,"{""A1_V1_조선의_성립"": 5, ""A2_V2_사림_세력의_성장"": 0, ""A3_V3_왜란과_호란의_극복"": 0, ""A4_VI1_붕당_정치와_탕평책"": 0}","{""B1_V1_건국"": 2, ""B2_V1_조선의_통치_제도"": 3, ""B3_V1_15세기_민족_문화의_발달"": 0, ""B4_V2_사림_세력의_성장"": 0, ""B5_V3_왜란과_호란의_극복"": 0, ""B6_VI1_붕당_정치와_탕평책"": 0}"
유향소(향청),5,5,A1_V1_조선의_성립,1.0,1,B2_V1_조선의_통치_제도,0.6,2,"{""A1_V1_조선의_성립"": 5, ""A2_V2_사림_세력의_성장"": 0, ""A3_V3_왜란과_호란의_극복"": 0, ""A4_VI1_붕당_정치와_탕평책"": 0}","{""B1_V1_건국"": 2, ""B2_V1_조선의_통치_제도"": 3, ""B3_V1_15세기_민족_문화의_발달"": 0, ""B4_V2_사림_세력의_성장"": 0, ""B5_V3_왜란과_호란의_극복"": 0, ""B6_VI1_붕당_정치와_탕평책"": 0}"
백성들,5,5,A1_V1_조선의_성립,1.0,1,B2_V1_조선의_통치_제도,0.6,2,"{""A1_V1_조선의_성립"": 5, ""A2_V2_사림_세력의_성장"": 0, ""A3_V3_왜란과_호란의_극복"": 0, ""A4_VI1_붕당_정치와_탕평책"": 0}","{""B1_V1_건국"": 2, ""B2_V1_조선의_통치_제도"": 3, ""B3_V1_15세기_민족_문화의_발달"": 0, ""B4_V2_사림_세력의_성장"": 0, ""B5_V3_왜란과_호란의_극복"": 0, ""B6_VI1_붕당_정치와_탕평책"": 0}"
군량미 비축,5,5,A1_V1_조선의_성립,1.0,1,B2_V1_조선의_통치_제도,0.6,2,"{""A1_V1_조선의_성립"": 5, ""A2_V2_사림_세력의_성장"": 0, ""A3_V3_왜란과_호란의_극복"": 0, ""A4_VI1_붕당_정치와_탕평책"": 0}","{""B1_V1_건국"": 2, ""B2_V1_조선의_통치_제도"": 3, ""B3_V1_15세기_민족_문화의_발달"": 0, ""B4_V2_사림_세력의_성장"": 0, ""B5_V3_왜란과_호란의_극복"": 0, ""B6_VI1_붕당_정치와_탕평책"": 0}"
대외 관계,5,5,A1_V1_조선의_성립,1.0,1,B2_V1_조선의_통치_제도,0.6,2,"{""A1_V1_조선의_성립"": 5, ""A2_V2_사림_세력의_성장"": 0, ""A3_V3_왜란과_호란의_극복"": 0, ""A4_VI1_붕당_정치와_탕평책"": 0}","{""B1_V1_건국"": 2, ""B2_V1_조선의_통치_제도"": 3, ""B3_V1_15세기_민족_문화의_발달"": 0, ""B4_V2_사림_세력의_성장"": 0, ""B5_V3_왜란과_호란의_극복"": 0, ""B6_VI1_붕당_정치와_탕평책"": 0}"
군사 훈련,5,5,A1_V1_조선의_성립,1.0,1,B2_V1_조선의_통치_제도,0.6,2,"{""A1_V1_조선의_성립"": 5, ""A2_V2_사림_세력의_성장"": 0, ""A3_V3_왜란과_호란의_극복"": 0, ""A4_VI1_붕당_정치와_탕평책"": 0}","{""B1_V1_건국"": 2, ""B2_V1_조선의_통치_제도"": 3, ""B3_V1_15세기_민족_문화의_발달"": 0, ""B4_V2_사림_세력의_성장"": 0, ""B5_V3_왜란과_호란의_극복"": 0, ""B6_VI1_붕당_정치와_탕평책"": 0}"
교역,5,5,A1_V1_조선의_성립,1.0,1,B2_V1_조선의_통치_제도,0.6,2,"{""A1_V1_조선의_성립"": 5, ""A2_V2_사림_세력의_성장"": 0, ""A3_V3_왜란과_호란의_극복"": 0, ""A4_VI1_붕당_정치와_탕평책"": 0}","{""B1_V1_건국"": 2, ""B2_V1_조선의_통치_제도"": 3, ""B3_V1_15세기_민족_문화의_발달"": 0, ""B4_V2_사림_세력의_성장"": 0, ""B5_V3_왜란과_호란의_극복"": 0, ""B6_VI1_붕당_정치와_탕평책"": 0}"
유향소,6,6,A1_V1_조선의_성립,1.0,1,B2_V1_조선의_통치_제도,0.6667,2,"{""A1_V1_조선의_성립"": 6, ""A2_V2_사림_세력의_성장"": 0, ""A3_V3_왜란과_호란의_극복"": 0, ""A4_VI1_붕당_정치와_탕평책"": 0}","{""B1_V1_건국"": 0, ""B2_V1_조선의_통치_제도"": 4, ""B3_V1_15세기_민족_문화의_발달"": 2, ""B4_V2_사림_세력의_성장"": 0, ""B5_V3_왜란과_호란의_극복"": 0, ""B6_VI1_붕당_정치와_탕평책"": 0}"
향회,6,6,A1_V1_조선의_성립,1.0,1,B2_V1_조선의_통치_제도,0.6667,2,"{""A1_V1_조선의_성립"": 6, ""A2_V2_사림_세력의_성장"": 0, ""A3_V3_왜란과_호란의_극복"": 0, ""A4_VI1_붕당_정치와_탕평책"": 0}","{""B1_V1_건국"": 0, ""B2_V1_조선의_통치_제도"": 4, ""B3_V1_15세기_민족_문화의_발달"": 2, ""B4_V2_사림_세력의_성장"": 0, ""B5_V3_왜란과_호란의_극복"": 0, ""B6_VI1_붕당_정치와_탕평책"": 0}"
지방 양반,6,6,A1_V1_조선의_성립,1.0,1,B2_V1_조선의_통치_제도,0.6667,2,"{""A1_V1_조선의_성립"": 6, ""A2_V2_사림_세력의_성장"": 0, ""A3_V3_왜란과_호란의_극복"": 0, ""A4_VI1_붕당_정치와_탕평책"": 0}","{""B1_V1_건국"": 0, ""B2_V1_조선의_통치_제도"": 4, ""B3_V1_15세기_민족_문화의_발달"": 2, ""B4_V2_사림_세력의_성장"": 0, ""B5_V3_왜란과_호란의_극복"": 0, ""B6_VI1_붕당_정치와_탕평책"": 0}"
신문고,6,6,A1_V1_조선의_성립,1.0,1,B2_V1_조선의_통치_제도,0.6667,2,"{""A1_V1_조선의_성립"": 6, ""A2_V2_사림_세력의_성장"": 0, ""A3_V3_왜란과_호란의_극복"": 0, ""A4_VI1_붕당_정치와_탕평책"": 0}","{""B1_V1_건국"": 0, ""B2_V1_조선의_통치_제도"": 4, ""B3_V1_15세기_민족_문화의_발달"": 2, ""B4_V2_사림_세력의_성장"": 0, ""B5_V3_왜란과_호란의_극복"": 0, ""B6_VI1_붕당_정치와_탕평책"": 0}"
왕,6,6,A1_V1_조선의_성립,1.0,1,B2_V1_조선의_통치_제도,0.6667,2,"{""A1_V1_조선의_성립"": 6, ""A2_V2_사림_세력의_성장"": 0, ""A3_V3_왜란과_호란의_극복"": 0, ""A4_VI1_붕당_정치와_탕평책"": 0}","{""B1_V1_건국"": 0, ""B2_V1_조선의_통치_제도"": 4, ""B3_V1_15세기_민족_문화의_발달"": 2, ""B4_V2_사림_세력의_성장"": 0, ""B5_V3_왜란과_호란의_극복"": 0, ""B6_VI1_붕당_정치와_탕평책"": 0}"
교육 기관,6,6,A1_V1_조선의_성립,1.0,1,B2_V1_조선의_통치_제도,0.6667,2,"{""A1_V1_조선의_성립"": 6, ""A2_V2_사림_세력의_성장"": 0, ""A3_V3_왜란과_호란의_극복"": 0, ""A4_VI1_붕당_정치와_탕평책"": 0}","{""B1_V1_건국"": 0, ""B2_V1_조선의_통치_제도"": 4, ""B3_V1_15세기_민족_문화의_발달"": 2, ""B4_V2_사림_세력의_성장"": 0, ""B5_V3_왜란과_호란의_극복"": 0, ""B6_VI1_붕당_정치와_탕평책"": 0}"
서당,6,6,A1_V1_조선의_성립,1.0,1,B2_V1_조선의_통치_제도,0.6667,2,"{""A1_V1_조선의_성립"": 6, ""A2_V2_사림_세력의_성장"": 0, ""A3_V3_왜란과_호란의_극복"": 0, ""A4_VI1_붕당_정치와_탕평책"": 0}","{""B1_V1_건국"": 0, ""B2_V1_조선의_통치_제도"": 4, ""B3_V1_15세기_민족_문화의_발달"": 2, ""B4_V2_사림_세력의_성장"": 0, ""B5_V3_왜란과_호란의_극복"": 0, ""B6_VI1_붕당_정치와_탕평책"": 0}"
향교,6,6,A1_V1_조선의_성립,1.0,1,B2_V1_조선의_통치_제도,0.6667,2,"{""A1_V1_조선의_성립"": 6, ""A2_V2_사림_세력의_성장"": 0, ""A3_V3_왜란과_호란의_극복"": 0, ""A4_VI1_붕당_정치와_탕평책"": 0}","{""B1_V1_건국"": 0, ""B2_V1_조선의_통치_제도"": 4, ""B3_V1_15세기_민족_문화의_발달"": 2, ""B4_V2_사림_세력의_성장"": 0, ""B5_V3_왜란과_호란의_극복"": 0, ""B6_VI1_붕당_정치와_탕평책"": 0}"
사서,6,6,A1_V1_조선의_성립,1.0,1,B2_V1_조선의_통치_제도,0.6667,2,"{""A1_V1_조선의_성립"": 6, ""A2_V2_사림_세력의_성장"": 0, ""A3_V3_왜란과_호란의_극복"": 0, ""A4_VI1_붕당_정치와_탕평책"": 0}","{""B1_V1_건국"": 0, ""B2_V1_조선의_통치_제도"": 4, ""B3_V1_15세기_민족_문화의_발달"": 2, ""B4_V2_사림_세력의_성장"": 0, ""B5_V3_왜란과_호란의_극복"": 0, ""B6_VI1_붕당_정치와_탕평책"": 0}"
생원과 진사,6,6,A1_V1_조선의_성립,1.0,1,B2_V1_조선의_통치_제도,0.6667,2,"{""A1_V1_조선의_성립"": 6, ""A2_V2_사림_세력의_성장"": 0, ""A3_V3_왜란과_호란의_극복"": 0, ""A4_VI1_붕당_정치와_탕평책"": 0}","{""B1_V1_건국"": 0, ""B2_V1_조선의_통치_제도"": 4, ""B3_V1_15세기_민족_문화의_발달"": 2, ""B4_V2_사림_세력의_성장"": 0, ""B5_V3_왜란과_호란의_극복"": 0, ""B6_VI1_붕당_정치와_탕평책"": 0}"
과거 시험,6,6,A1_V1_조선의_성립,1.0,1,B2_V1_조선의_통치_제도,0.6667,2,"{""A1_V1_조선의_성립"": 6, ""A2_V2_사림_세력의_성장"": 0, ""A3_V3_왜란과_호란의_극복"": 0, ""A4_VI1_붕당_정치와_탕평책"": 0}","{""B1_V1_건국"": 0, ""B2_V1_조선의_통치_제도"": 4, ""B3_V1_15세기_민족_문화의_발달"": 2, ""B4_V2_사림_세력의_성장"": 0, ""B5_V3_왜란과_호란의_극복"": 0, ""B6_VI1_붕당_정치와_탕평책"": 0}"
문과,6,6,A1_V1_조선의_성립,1.0,1,B2_V1_조선의_통치_제도,0.6667,2,"{""A1_V1_조선의_성립"": 6, ""A2_V2_사림_세력의_성장"": 0, ""A3_V3_왜란과_호란의_극복"": 0, ""A4_VI1_붕당_정치와_탕평책"": 0}","{""B1_V1_건국"": 0, ""B2_V1_조선의_통치_제도"": 4, ""B3_V1_15세기_민족_문화의_발달"": 2, ""B4_V2_사림_세력의_성장"": 0, ""B5_V3_왜란과_호란의_극복"": 0, ""B6_VI1_붕당_정치와_탕평책"": 0}"
무과,6,6,A1_V1_조선의_성립,1.0,1,B2_V1_조선의_통치_제도,0.6667,2,"{""A1_V1_조선의_성립"": 6, ""A2_V2_사림_세력의_성장"": 0, ""A3_V3_왜란과_호란의_극복"": 0, ""A4_VI1_붕당_정치와_탕평책"": 0}","{""B1_V1_건국"": 0, ""B2_V1_조선의_통치_제도"": 4, ""B3_V1_15세기_민족_문화의_발달"": 2, ""B4_V2_사림_세력의_성장"": 0, ""B5_V3_왜란과_호란의_극복"": 0, ""B6_VI1_붕당_정치와_탕평책"": 0}"
잡과,6,6,A1_V1_조선의_성립,1.0,1,B2_V1_조선의_통치_제도,0.6667,2,"{""A1_V1_조선의_성립"": 6, ""A2_V2_사림_세력의_성장"": 0, ""A3_V3_왜란과_호란의_극복"": 0, ""A4_VI1_붕당_정치와_탕평책"": 0}","{""B1_V1_건국"": 0, ""B2_V1_조선의_통치_제도"": 4, ""B3_V1_15세기_민족_문화의_발달"": 2, ""B4_V2_사림_세력의_성장"": 0, ""B5_V3_왜란과_호란의_극복"": 0, ""B6_VI1_붕당_정치와_탕평책"": 0}"
문음,6,6,A1_V1_조선의_성립,1.0,1,B2_V1_조선의_통치_제도,0.6667,2,"{""A1_V1_조선의_성립"": 6, ""A2_V2_사림_세력의_성장"": 0, ""A3_V3_왜란과_호란의_극복"": 0, ""A4_VI1_붕당_정치와_탕평책"": 0}","{""B1_V1_건국"": 0, ""B2_V1_조선의_통치_제도"": 4, ""B3_V1_15세기_민족_문화의_발달"": 2, ""B4_V2_사림_세력의_성장"": 0, ""B5_V3_왜란과_호란의_극복"": 0, ""B6_VI1_붕당_정치와_탕평책"": 0}"
천거,6,6,A1_V1_조선의_성립,1.0,1,B2_V1_조선의_통치_제도,0.6667,2,"{""A1_V1_조선의_성립"": 6, ""A2_V2_사림_세력의_성장"": 0, ""A3_V3_왜란과_호란의_극복"": 0, ""A4_VI1_붕당_정치와_탕평책"": 0}","{""B1_V1_건국"": 0, ""B2_V1_조선의_통치_제도"": 4, ""B3_V1_15세기_민족_문화의_발달"": 2, ""B4_V2_사림_세력의_성장"": 0, ""B5_V3_왜란과_호란의_극복"": 0, ""B6_VI1_붕당_정치와_탕평책"": 0}"
군역 제도,6,6,A1_V1_조선의_성립,1.0,1,B2_V1_조선의_통치_제도,0.6667,2,"{""A1_V1_조선의_성립"": 6, ""A2_V2_사림_세력의_성장"": 0, ""A3_V3_왜란과_호란의_극복"": 0, ""A4_VI1_붕당_정치와_탕평책"": 0}","{""B1_V1_건국"": 0, ""B2_V1_조선의_통치_제도"": 4, ""B3_V1_15세기_민족_문화의_발달"": 2, ""B4_V2_사림_세력의_성장"": 0, ""B5_V3_왜란과_호란의_극복"": 0, ""B6_VI1_붕당_정치와_탕평책"": 0}"
서울 5위,6,6,A1_V1_조선의_성립,1.0,1,B2_V1_조선의_통치_제도,0.6667,2,"{""A1_V1_조선의_성립"": 6, ""A2_V2_사림_세력의_성장"": 0, ""A3_V3_왜란과_호란의_극복"": 0, ""A4_VI1_붕당_정치와_탕평책"": 0}","{""B1_V1_건국"": 0, ""B2_V1_조선의_통치_제도"": 4, ""B3_V1_15세기_민족_문화의_발달"": 2, ""B4_V2_사림_세력의_성장"": 0, ""B5_V3_왜란과_호란의_극복"": 0, ""B6_VI1_붕당_정치와_탕평책"": 0}"
병마절도사,6,6,A1_V1_조선의_성립,1.0,1,B2_V1_조선의_통치_제도,0.6667,2,"{""A1_V1_조선의_성립"": 6, ""A2_V2_사림_세력의_성장"": 0, ""A3_V3_왜란과_호란의_극복"": 0, ""A4_VI1_붕당_정치와_탕평책"": 0}","{""B1_V1_건국"": 0, ""B2_V1_조선의_통치_제도"": 4, ""B3_V1_15세기_민족_문화의_발달"": 2, ""B4_V2_사림_세력의_성장"": 0, ""B5_V3_왜란과_호란의_극복"": 0, ""B6_VI1_붕당_정치와_탕평책"": 0}"
수군절도사,6,6,A1_V1_조선의_성립,1.0,1,B2_V1_조선의_통치_제도,0.6667,2,"{""A1_V1_조선의_성립"": 6, ""A2_V2_사림_세력의_성장"": 0, ""A3_V3_왜란과_호란의_극복"": 0, ""A4_VI1_붕당_정치와_탕평책"": 0}","{""B1_V1_건국"": 0, ""B2_V1_조선의_통치_제도"": 4, ""B3_V1_15세기_민족_문화의_발달"": 2, ""B4_V2_사림_세력의_성장"": 0, ""B5_V3_왜란과_호란의_극복"": 0, ""B6_VI1_붕당_정치와_탕평책"": 0}"
읍성,6,6,A1_V1_조선의_성립,1.0,1,B2_V1_조선의_통치_제도,0.6667,2,"{""A1_V1_조선의_성립"": 6, ""A2_V2_사림_세력의_성장"": 0, ""A3_V3_왜란과_호란의_극복"": 0, ""A4_VI1_붕당_정치와_탕평책"": 0}","{""B1_V1_건국"": 0, ""B2_V1_조선의_통치_제도"": 4, ""B3_V1_15세기_민족_문화의_발달"": 2, ""B4_V2_사림_세력의_성장"": 0, ""B5_V3_왜란과_호란의_극복"": 0, ""B6_VI1_붕당_정치와_탕평책"": 0}"
중앙군,6,6,A1_V1_조선의_성립,1.0,1,B2_V1_조선의_통치_제도,0.6667,2,"{""A1_V1_조선의_성립"": 6, ""A2_V2_사림_세력의_성장"": 0, ""A3_V3_왜란과_호란의_극복"": 0, ""A4_VI1_붕당_정치와_탕평책"": 0}","{""B1_V1_건국"": 0, ""B2_V1_조선의_통치_제도"": 4, ""B3_V1_15세기_민족_문화의_발달"": 2, ""B4_V2_사림_세력의_성장"": 0, ""B5_V3_왜란과_호란의_극복"": 0, ""B6_VI1_붕당_정치와_탕평책"": 0}"
지방군,6,6,A1_V1_조선의_성립,1.0,1,B2_V1_조선의_통치_제도,0.6667,2,"{""A1_V1_조선의_성립"": 6, ""A2_V2_사림_세력의_성장"": 0, ""A3_V3_왜란과_호란의_극복"": 0, ""A4_VI1_붕당_정치와_탕평책"": 0}","{""B1_V1_건국"": 0, ""B2_V1_조선의_통치_제도"": 4, ""B3_V1_15세기_민족_문화의_발달"": 2, ""B4_V2_사림_세력의_성장"": 0, ""B5_V3_왜란과_호란의_극복"": 0, ""B6_VI1_붕당_정치와_탕평책"": 0}"
잡색군,6,6,A1_V1_조선의_성립,1.0,1,B2_V1_조선의_통치_제도,0.6667,2,"{""A1_V1_조선의_성립"": 6, ""A2_V2_사림_세력의_성장"": 0, ""A3_V3_왜란과_호란의_극복"": 0, ""A4_VI1_붕당_정치와_탕평책"": 0}","{""B1_V1_건국"": 0, ""B2_V1_조선의_통치_제도"": 4, ""B3_V1_15세기_민족_문화의_발달"": 2, ""B4_V2_사림_세력의_성장"": 0, ""B5_V3_왜란과_호란의_극복"": 0, ""B6_VI1_붕당_정치와_탕평책"": 0}"
조운,6,6,A1_V1_조선의_성립,1.0,1,B2_V1_조선의_통치_제도,0.6667,2,"{""A1_V1_조선의_성립"": 6, ""A2_V2_사림_세력의_성장"": 0, ""A3_V3_왜란과_호란의_극복"": 0, ""A4_VI1_붕당_정치와_탕평책"": 0}","{""B1_V1_건국"": 0, ""B2_V1_조선의_통치_제도"": 4, ""B3_V1_15세기_민족_문화의_발달"": 2, ""B4_V2_사림_세력의_성장"": 0, ""B5_V3_왜란과_호란의_극복"": 0, ""B6_VI1_붕당_정치와_탕평책"": 0}"
강창,6,6,A1_V1_조선의_성립,1.0,1,B2_V1_조선의_통치_제도,0.6667,2,"{""A1_V1_조선의_성립"": 6, ""A2_V2_사림_세력의_성장"": 0, ""A3_V3_왜란과_호란의_극복"": 0, ""A4_VI1_붕당_정치와_탕평책"": 0}","{""B1_V1_건국"": 0, ""B2_V1_조선의_통치_제도"": 4, ""B3_V1_15세기_민족_문화의_발달"": 2, ""B4_V2_사림_세력의_성장"": 0, ""B5_V3_왜란과_호란의_극복"": 0, ""B6_VI1_붕당_정치와_탕평책"": 0}"
해창,6,6,A1_V1_조선의_성립,1.0,1,B2_V1_조선의_통치_제도,0.6667,2,"{""A1_V1_조선의_성립"": 6, ""A2_V2_사림_세력의_성장"": 0, ""A3_V3_왜란과_호란의_극복"": 0, ""A4_VI1_붕당_정치와_탕평책"": 0}","{""B1_V1_건국"": 0, ""B2_V1_조선의_통치_제도"": 4, ""B3_V1_15세기_민족_문화의_발달"": 2, ""B4_V2_사림_세력의_성장"": 0, ""B5_V3_왜란과_호란의_극복"": 0, ""B6_VI1_붕당_정치와_탕평책"": 0}"
경창,6,6,A1_V1_조선의_성립,1.0,1,B2_V1_조선의_통치_제도,0.6667,2,"{""A1_V1_조선의_성립"": 6, ""A2_V2_사림_세력의_성장"": 0, ""A3_V3_왜란과_호란의_극복"": 0, ""A4_VI1_붕당_정치와_탕평책"": 0}","{""B1_V1_건국"": 0, ""B2_V1_조선의_통치_제도"": 4, ""B3_V1_15세기_민족_문화의_발달"": 2, ""B4_V2_사림_세력의_성장"": 0, ""B5_V3_왜란과_호란의_극복"": 0, ""B6_VI1_붕당_정치와_탕평책"": 0}"
역원 제도,6,6,A1_V1_조선의_성립,1.0,1,B2_V1_조선의_통치_제도,0.6667,2,"{""A1_V1_조선의_성립"": 6, ""A2_V2_사림_세력의_성장"": 0, ""A3_V3_왜란과_호란의_극복"": 0, ""A4_VI1_붕당_정치와_탕평책"": 0}","{""B1_V1_건국"": 0, ""B2_V1_조선의_통치_제도"": 4, ""B3_V1_15세기_민족_문화의_발달"": 2, ""B4_V2_사림_세력의_성장"": 0, ""B5_V3_왜란과_호란의_극복"": 0, ""B6_VI1_붕당_정치와_탕평책"": 0}"
역,6,6,A1_V1_조선의_성립,1.0,1,B2_V1_조선의_통치_제도,0.6667,2,"{""A1_V1_조선의_성립"": 6, ""A2_V2_사림_세력의_성장"": 0, ""A3_V3_왜란과_호란의_극복"": 0, ""A4_VI1_붕당_정치와_탕평책"": 0}","{""B1_V1_건국"": 0, ""B2_V1_조선의_통치_제도"": 4, ""B3_V1_15세기_민족_문화의_발달"": 2, ""B4_V2_사림_세력의_성장"": 0, ""B5_V3_왜란과_호란의_극복"": 0, ""B6_VI1_붕당_정치와_탕평책"": 0}"
역졸,6,6,A1_V1_조선의_성립,1.0,1,B2_V1_조선의_통치_제도,0.6667,2,"{""A1_V1_조선의_성립"": 6, ""A2_V2_사림_세력의_성장"": 0, ""A3_V3_왜란과_호란의_극복"": 0, ""A4_VI1_붕당_정치와_탕평책"": 0}","{""B1_V1_건국"": 0, ""B2_V1_조선의_통치_제도"": 4, ""B3_V1_15세기_민족_문화의_발달"": 2, ""B4_V2_사림_세력의_성장"": 0, ""B5_V3_왜란과_호란의_극복"": 0, ""B6_VI1_붕당_정치와_탕평책"": 0}"
마패,6,6,A1_V1_조선의_성립,1.0,1,B2_V1_조선의_통치_제도,0.6667,2,"{""A1_V1_조선의_성립"": 6, ""A2_V2_사림_세력의_성장"": 0, ""A3_V3_왜란과_호란의_극복"": 0, ""A4_VI1_붕당_정치와_탕평책"": 0}","{""B1_V1_건국"": 0, ""B2_V1_조선의_통치_제도"": 4, ""B3_V1_15세기_민족_문화의_발달"": 2, ""B4_V2_사림_세력의_성장"": 0, ""B5_V3_왜란과_호란의_극복"": 0, ""B6_VI1_붕당_정치와_탕평책"": 0}"
원,6,6,A1_V1_조선의_성립,1.0,1,B2_V1_조선의_통치_제도,0.6667,2,"{""A1_V1_조선의_성립"": 6, ""A2_V2_사림_세력의_성장"": 0, ""A3_V3_왜란과_호란의_극복"": 0, ""A4_VI1_붕당_정치와_탕평책"": 0}","{""B1_V1_건국"": 0, ""B2_V1_조선의_통치_제도"": 4, ""B3_V1_15세기_민족_문화의_발달"": 2, ""B4_V2_사림_세력의_성장"": 0, ""B5_V3_왜란과_호란의_극복"": 0, ""B6_VI1_붕당_정치와_탕평책"": 0}"
장호원,6,6,A1_V1_조선의_성립,1.0,1,B2_V1_조선의_통치_제도,0.6667,2,"{""A1_V1_조선의_성립"": 6, ""A2_V2_사림_세력의_성장"": 0, ""A3_V3_왜란과_호란의_극복"": 0, ""A4_VI1_붕당_정치와_탕평책"": 0}","{""B1_V1_건국"": 0, ""B2_V1_조선의_통치_제도"": 4, ""B3_V1_15세기_민족_문화의_발달"": 2, ""B4_V2_사림_세력의_성장"": 0, ""B5_V3_왜란과_호란의_극복"": 0, ""B6_VI1_붕당_정치와_탕평책"": 0}"
사리원,6,6,A1_V1_조선의_성립,1.0,1,B2_V1_조선의_통치_제도,0.6667,2,"{""A1_V1_조선의_성립"": 6, ""A2_V2_사림_세력의_성장"": 0, ""A3_V3_왜란과_호란의_극복"": 0, ""A4_VI1_붕당_정치와_탕평책"": 0}","{""B1_V1_건국"": 0, ""B2_V1_조선의_통치_제도"": 4, ""B3_V1_15세기_민족_문화의_발달"": 2, ""B4_V2_사림_세력의_성장"": 0, ""B5_V3_왜란과_호란의_극복"": 0, ""B6_VI1_붕당_정치와_탕평책"": 0}"
봉수 제도,6,6,A1_V1_조선의_성립,1.0,1,B2_V1_조선의_통치_제도,0.6667,2,"{""A1_V1_조선의_성립"": 6, ""A2_V2_사림_세력의_성장"": 0, ""A3_V3_왜란과_호란의_극복"": 0, ""A4_VI1_붕당_정치와_탕평책"": 0}","{""B1_V1_건국"": 0, ""B2_V1_조선의_통치_제도"": 4, ""B3_V1_15세기_민족_문화의_발달"": 2, ""B4_V2_사림_세력의_성장"": 0, ""B5_V3_왜란과_호란의_극복"": 0, ""B6_VI1_붕당_정치와_탕평책"": 0}"
세종 대왕,6,6,A1_V1_조선의_성립,1.0,1,B2_V1_조선의_통치_제도,0.6667,2,"{""A1_V1_조선의_성립"": 6, ""A2_V2_사림_세력의_성장"": 0, ""A3_V3_왜란과_호란의_극복"": 0, ""A4_VI1_붕당_정치와_탕평책"": 0}","{""B1_V1_건국"": 0, ""B2_V1_조선의_통치_제도"": 4, ""B3_V1_15세기_민족_문화의_발달"": 2, ""B4_V2_사림_세력의_성장"": 0, ""B5_V3_왜란과_호란의_극복"": 0, ""B6_VI1_붕당_정치와_탕평책"": 0}"
훈민정음,6,6,A1_V1_조선의_성립,1.0,1,B2_V1_조선의_통치_제도,0.6667,2,"{""A1_V1_조선의_성립"": 6, ""A2_V2_사림_세력의_성장"": 0, ""A3_V3_왜란과_호란의_극복"": 0, ""A4_VI1_붕당_정치와_탕평책"": 0}","{""B1_V1_건국"": 0, ""B2_V1_조선의_통치_제도"": 4, ""B3_V1_15세기_민족_문화의_발달"": 2, ""B4_V2_사림_세력의_성장"": 0, ""B5_V3_왜란과_호란의_극복"": 0, ""B6_VI1_붕당_정치와_탕평책"": 0}"
양인 남자,6,6,A1_V1_조선의_성립,1.0,1,B2_V1_조선의_통치_제도,0.6667,2,"{""A1_V1_조선의_성립"": 6, ""A2_V2_사림_세력의_성장"": 0, ""A3_V3_왜란과_호란의_극복"": 0, ""A4_VI1_붕당_정치와_탕평책"": 0}","{""B1_V1_건국"": 0, ""B2_V1_조선의_통치_제도"": 4, ""B3_V1_15세기_민족_문화의_발달"": 2, ""B4_V2_사림_세력의_성장"": 0, ""B5_V3_왜란과_호란의_극복"": 0, ""B6_VI1_붕당_정치와_탕평책"": 0}"
상민,6,6,A1_V1_조선의_성립,1.0,1,B2_V1_조선의_통치_제도,0.6667,2,"{""A1_V1_조선의_성립"": 6, ""A2_V2_사림_세력의_성장"": 0, ""A3_V3_왜란과_호란의_극복"": 0, ""A4_VI1_붕당_정치와_탕평책"": 0}","{""B1_V1_건국"": 0, ""B2_V1_조선의_통치_제도"": 4, ""B3_V1_15세기_민족_문화의_발달"": 2, ""B4_V2_사림_세력의_성장"": 0, ""B5_V3_왜란과_호란의_극복"": 0, ""B6_VI1_붕당_정치와_탕평책"": 0}"
중인,6,6,A1_V1_조선의_성립,1.0,1,B2_V1_조선의_통치_제도,0.6667,2,"{""A1_V1_조선의_성립"": 6, ""A2_V2_사림_세력의_성장"": 0, ""A3_V3_왜란과_호란의_극복"": 0, ""A4_VI1_붕당_정치와_탕평책"": 0}","{""B1_V1_건국"": 0, ""B2_V1_조선의_통치_제도"": 4, ""B3_V1_15세기_민족_문화의_발달"": 2, ""B4_V2_사림_세력의_성장"": 0, ""B5_V3_왜란과_호란의_극복"": 0, ""B6_VI1_붕당_정치와_탕평책"": 0}"
기술 교육 기관,6,6,A1_V1_조선의_성립,1.0,1,B2_V1_조선의_통치_제도,0.6667,2,"{""A1_V1_조선의_성립"": 6, ""A2_V2_사림_세력의_성장"": 0, ""A3_V3_왜란과_호란의_극복"": 0, ""A4_VI1_붕당_정치와_탕평책"": 0}","{""B1_V1_건국"": 0, ""B2_V1_조선의_통치_제도"": 4, ""B3_V1_15세기_민족_문화의_발달"": 2, ""B4_V2_사림_세력의_성장"": 0, ""B5_V3_왜란과_호란의_극복"": 0, ""B6_VI1_붕당_정치와_탕평책"": 0}"
군사 제도,6,6,A1_V1_조선의_성립,1.0,1,B2_V1_조선의_통치_제도,0.6667,2,"{""A1_V1_조선의_성립"": 6, ""A2_V2_사림_세력의_성장"": 0, ""A3_V3_왜란과_호란의_극복"": 0, ""A4_VI1_붕당_정치와_탕평책"": 0}","{""B1_V1_건국"": 0, ""B2_V1_조선의_통치_제도"": 4, ""B3_V1_15세기_민족_문화의_발달"": 2, ""B4_V2_사림_세력의_성장"": 0, ""B5_V3_왜란과_호란의_극복"": 0, ""B6_VI1_붕당_정치와_탕평책"": 0}"
지방 행정,6,6,A1_V1_조선의_성립,1.0,1,B2_V1_조선의_통치_제도,0.6667,2,"{""A1_V1_조선의_성립"": 6, ""A2_V2_사림_세력의_성장"": 0, ""A3_V3_왜란과_호란의_극복"": 0, ""A4_VI1_붕당_정치와_탕평책"": 0}","{""B1_V1_건국"": 0, ""B2_V1_조선의_통치_제도"": 4, ""B3_V1_15세기_민족_문화의_발달"": 2, ""B4_V2_사림_세력의_성장"": 0, ""B5_V3_왜란과_호란의_극복"": 0, ""B6_VI1_붕당_정치와_탕평책"": 0}"
지역,6,6,A1_V1_조선의_성립,1.0,1,B2_V1_조선의_통치_제도,0.6667,2,"{""A1_V1_조선의_성립"": 6, ""A2_V2_사림_세력의_성장"": 0, ""A3_V3_왜란과_호란의_극복"": 0, ""A4_VI1_붕당_정치와_탕평책"": 0}","{""B1_V1_건국"": 0, ""B2_V1_조선의_통치_제도"": 4, ""B3_V1_15세기_민족_문화의_발달"": 2, ""B4_V2_사림_세력의_성장"": 0, ""B5_V3_왜란과_호란의_극복"": 0, ""B6_VI1_붕당_정치와_탕평책"": 0}"
관청,6,6,A1_V1_조선의_성립,1.0,1,B2_V1_조선의_통치_제도,0.6667,2,"{""A1_V1_조선의_성립"": 6, ""A2_V2_사림_세력의_성장"": 0, ""A3_V3_왜란과_호란의_극복"": 0, ""A4_VI1_붕당_정치와_탕평책"": 0}","{""B1_V1_건국"": 0, ""B2_V1_조선의_통치_제도"": 4, ""B3_V1_15세기_민족_문화의_발달"": 2, ""B4_V2_사림_세력의_성장"": 0, ""B5_V3_왜란과_호란의_극복"": 0, ""B6_VI1_붕당_정치와_탕평책"": 0}"
국방비,6,6,A1_V1_조선의_성립,1.0,1,B2_V1_조선의_통치_제도,0.6667,2,"{""A1_V1_조선의_성립"": 6, ""A2_V2_사림_세력의_성장"": 0, ""A3_V3_왜란과_호란의_극복"": 0, ""A4_VI1_붕당_정치와_탕평책"": 0}","{""B1_V1_건국"": 0, ""B2_V1_조선의_통치_제도"": 4, ""B3_V1_15세기_민족_문화의_발달"": 2, ""B4_V2_사림_세력의_성장"": 0, ""B5_V3_왜란과_호란의_극복"": 0, ""B6_VI1_붕당_정치와_탕평책"": 0}"
사신 접대비,6,6,A1_V1_조선의_성립,1.0,1,B2_V1_조선의_통치_제도,0.6667,2,"{""A1_V1_조선의_성립"": 6, ""A2_V2_사림_세력의_성장"": 0, ""A3_V3_왜란과_호란의_극복"": 0, ""A4_VI1_붕당_정치와_탕평책"": 0}","{""B1_V1_건국"": 0, ""B2_V1_조선의_통치_제도"": 4, ""B3_V1_15세기_민족_문화의_발달"": 2, ""B4_V2_사림_세력의_성장"": 0, ""B5_V3_왜란과_호란의_극복"": 0, ""B6_VI1_붕당_정치와_탕평책"": 0}"
용비어천가,4,4,A1_V1_조선의_성립,0.5,2,B3_V1_15세기_민족_문화의_발달,0.5,2,"{""A1_V1_조선의_성립"": 2, ""A2_V2_사림_세력의_성장"": 2, ""A3_V3_왜란과_호란의_극복"": 0, ""A4_VI1_붕당_정치와_탕평책"": 0}","{""B1_V1_건국"": 0, ""B2_V1_조선의_통치_제도"": 0, ""B3_V1_15세기_민족_문화의_발달"": 2, ""B4_V2_사림_세력의_성장"": 2, ""B5_V3_왜란과_호란의_극복"": 0, ""B6_VI1_붕당_정치와_탕평책"": 0}"
월인천강지곡,4,4,A1_V1_조선의_성립,0.5,2,B3_V1_15세기_민족_문화의_발달,0.5,2,"{""A1_V1_조선의_성립"": 2, ""A2_V2_사림_세력의_성장"": 2, ""A3_V3_왜란과_호란의_극복"": 0, ""A4_VI1_붕당_정치와_탕평책"": 0}","{""B1_V1_건국"": 0, ""B2_V1_조선의_통치_제도"": 0, ""B3_V1_15세기_민족_문화의_발달"": 2, ""B4_V2_사림_세력의_성장"": 2, ""B5_V3_왜란과_호란의_극복"": 0, ""B6_VI1_붕당_정치와_탕평책"": 0}"
조선왕조실록,4,4,A1_V1_조선의_성립,0.5,2,B3_V1_15세기_민족_문화의_발달,0.5,2,"{""A1_V1_조선의_성립"": 2, ""A2_V2_사림_세력의_성장"": 2, ""A3_V3_왜란과_호란의_극복"": 0, ""A4_VI1_붕당_정치와_탕평책"": 0}","{""B1_V1_건국"": 0, ""B2_V1_조선의_통치_제도"": 0, ""B3_V1_15세기_민족_문화의_발달"": 2, ""B4_V2_사림_세력의_성장"": 2, ""B5_V3_왜란과_호란의_극복"": 0, ""B6_VI1_붕당_정치와_탕평책"": 0}"
동국통감,4,4,A1_V1_조선의_성립,0.5,2,B3_V1_15세기_민족_문화의_발달,0.5,2,"{""A1_V1_조선의_성립"": 2, ""A2_V2_사림_세력의_성장"": 2, ""A3_V3_왜란과_호란의_극복"": 0, ""A4_VI1_붕당_정치와_탕평책"": 0}","{""B1_V1_건국"": 0, ""B2_V1_조선의_통치_제도"": 0, ""B3_V1_15세기_민족_문화의_발달"": 2, ""B4_V2_사림_세력의_성장"": 2, ""B5_V3_왜란과_호란의_극복"": 0, ""B6_VI1_붕당_정치와_탕평책"": 0}"
고려사,4,4,A1_V1_조선의_성립,0.5,2,B3_V1_15세기_민족_문화의_발달,0.5,2,"{""A1_V1_조선의_성립"": 2, ""A2_V2_사림_세력의_성장"": 2, ""A3_V3_왜란과_호란의_극복"": 0, ""A4_VI1_붕당_정치와_탕평책"": 0}","{""B1_V1_건국"": 0, ""B2_V1_조선의_통치_제도"": 0, ""B3_V1_15세기_민족_문화의_발달"": 2, ""B4_V2_사림_세력의_성장"": 2, ""B5_V3_왜란과_호란의_극복"": 0, ""B6_VI1_붕당_정치와_탕평책"": 0}"
고려사절요,4,4,A1_V1_조선의_성립,0.5,2,B3_V1_15세기_민족_문화의_발달,0.5,2,"{""A1_V1_조선의_성립"": 2, ""A2_V2_사림_세력의_성장"": 2, ""A3_V3_왜란과_호란의_극복"": 0, ""A4_VI1_붕당_정치와_탕평책"": 0}","{""B1_V1_건국"": 0, ""B2_V1_조선의_통치_제도"": 0, ""B3_V1_15세기_민족_문화의_발달"": 2, ""B4_V2_사림_세력의_성장"": 2, ""B5_V3_왜란과_호란의_극복"": 0, ""B6_VI1_붕당_정치와_탕평책"": 0}"
팔도지리지,4,4,A1_V1_조선의_성립,0.5,2,B3_V1_15세기_민족_문화의_발달,0.5,2,"{""A1_V1_조선의_성립"": 2, ""A2_V2_사림_세력의_성장"": 2, ""A3_V3_왜란과_호란의_극복"": 0, ""A4_VI1_붕당_정치와_탕평책"": 0}","{""B1_V1_건국"": 0, ""B2_V1_조선의_통치_제도"": 0, ""B3_V1_15세기_민족_문화의_발달"": 2, ""B4_V2_사림_세력의_성장"": 2, ""B5_V3_왜란과_호란의_극복"": 0, ""B6_VI1_붕당_정치와_탕평책"": 0}"
동국여지승람,4,4,A1_V1_조선의_성립,0.5,2,B3_V1_15세기_민족_문화의_발달,0.5,2,"{""A1_V1_조선의_성립"": 2, ""A2_V2_사림_세력의_성장"": 2, ""A3_V3_왜란과_호란의_극복"": 0, ""A4_VI1_붕당_정치와_탕평책"": 0}","{""B1_V1_건국"": 0, ""B2_V1_조선의_통치_제도"": 0, ""B3_V1_15세기_민족_문화의_발달"": 2, ""B4_V2_사림_세력의_성장"": 2, ""B5_V3_왜란과_호란의_극복"": 0, ""B6_VI1_붕당_정치와_탕평책"": 0}"
노사신,4,4,A1_V1_조선의_성립,0.5,2,B3_V1_15세기_민족_문화의_발달,0.5,2,"{""A1_V1_조선의_성립"": 2, ""A2_V2_사림_세력의_성장"": 2, ""A3_V3_왜란과_호란의_극복"": 0, ""A4_VI1_붕당_정치와_탕평책"": 0}","{""B1_V1_건국"": 0, ""B2_V1_조선의_통치_제도"": 0, ""B3_V1_15세기_민족_문화의_발달"": 2, ""B4_V2_사림_세력의_성장"": 2, ""B5_V3_왜란과_호란의_극복"": 0, ""B6_VI1_붕당_정치와_탕평책"": 0}"
강희맹,4,4,A1_V1_조선의_성립,0.5,2,B3_V1_15세기_민족_문화의_발달,0.5,2,"{""A1_V1_조선의_성립"": 2, ""A2_V2_사림_세력의_성장"": 2, ""A3_V3_왜란과_호란의_극복"": 0, ""A4_VI1_붕당_정치와_탕평책"": 0}","{""B1_V1_건국"": 0, ""B2_V1_조선의_통치_제도"": 0, ""B3_V1_15세기_민족_문화의_발달"": 2, ""B4_V2_사림_세력의_성장"": 2, ""B5_V3_왜란과_호란의_극복"": 0, ""B6_VI1_붕당_정치와_탕평책"": 0}"
서거정,4,4,A1_V1_조선의_성립,0.5,2,B3_V1_15세기_민족_문화의_발달,0.5,2,"{""A1_V1_조선의_성립"": 2, ""A2_V2_사림_세력의_성장"": 2, ""A3_V3_왜란과_호란의_극복"": 0, ""A4_VI1_붕당_정치와_탕평책"": 0}","{""B1_V1_건국"": 0, ""B2_V1_조선의_통치_제도"": 0, ""B3_V1_15세기_민족_문화의_발달"": 2, ""B4_V2_사림_세력의_성장"": 2, ""B5_V3_왜란과_호란의_극복"": 0, ""B6_VI1_붕당_정치와_탕평책"": 0}"
국조오례의,4,4,A1_V1_조선의_성립,0.5,2,B3_V1_15세기_민족_문화의_발달,0.5,2,"{""A1_V1_조선의_성립"": 2, ""A2_V2_사림_세력의_성장"": 2, ""A3_V3_왜란과_호란의_극복"": 0, ""A4_VI1_붕당_정치와_탕평책"": 0}","{""B1_V1_건국"": 0, ""B2_V1_조선의_통치_제도"": 0, ""B3_V1_15세기_민족_문화의_발달"": 2, ""B4_V2_사림_세력의_성장"": 2, ""B5_V3_왜란과_호란의_극복"": 0, ""B6_VI1_붕당_정치와_탕평책"": 0}"
삼강행실도,4,4,A1_V1_조선의_성립,0.5,2,B3_V1_15세기_민족_문화의_발달,0.5,2,"{""A1_V1_조선의_성립"": 2, ""A2_V2_사림_세력의_성장"": 2, ""A3_V3_왜란과_호란의_극복"": 0, ""A4_VI1_붕당_정치와_탕평책"": 0}","{""B1_V1_건국"": 0, ""B2_V1_조선의_통치_제도"": 0, ""B3_V1_15세기_민족_문화의_발달"": 2, ""B4_V2_사림_세력의_성장"": 2, ""B5_V3_왜란과_호란의_극복"": 0, ""B6_VI1_붕당_정치와_탕평책"": 0}"
측우기,4,4,A1_V1_조선의_성립,0.5,2,B3_V1_15세기_민족_문화의_발달,0.5,2,"{""A1_V1_조선의_성립"": 2, ""A2_V2_사림_세력의_성장"": 2, ""A3_V3_왜란과_호란의_극복"": 0, ""A4_VI1_붕당_정치와_탕평책"": 0}","{""B1_V1_건국"": 0, ""B2_V1_조선의_통치_제도"": 0, ""B3_V1_15세기_민족_문화의_발달"": 2, ""B4_V2_사림_세력의_성장"": 2, ""B5_V3_왜란과_호란의_극복"": 0, ""B6_VI1_붕당_정치와_탕평책"": 0}"
농사직설,10,9,A2_V2_사림_세력의_성장,0.8,2,B4_V2_사림_세력의_성장,0.8,2,"{""A1_V1_조선의_성립"": 2, ""A2_V2_사림_세력의_성장"": 8, ""A3_V3_왜란과_호란의_극복"": 0, ""A4_VI1_붕당_정치와_탕평책"": 0}","{""B1_V1_건국"": 0, ""B2_V1_조선의_통치_제도"": 0, ""B3_V1_15세기_민족_문화의_발달"": 2, ""B4_V2_사림_세력의_성장"": 8, ""B5_V3_왜란과_호란의_극복"": 0, ""B6_VI1_붕당_정치와_탕평책"": 0}"
금속활자,4,4,A1_V1_조선의_성립,0.5,2,B3_V1_15세기_민족_문화의_발달,0.5,2,"{""A1_V1_조선의_성립"": 2, ""A2_V2_사림_세력의_성장"": 2, ""A3_V3_왜란과_호란의_극복"": 0, ""A4_VI1_붕당_정치와_탕평책"": 0}","{""B1_V1_건국"": 0, ""B2_V1_조선의_통치_제도"": 0, ""B3_V1_15세기_민족_문화의_발달"": 2, ""B4_V2_사림_세력의_성장"": 2, ""B5_V3_왜란과_호란의_극복"": 0, ""B6_VI1_붕당_정치와_탕평책"": 0}"
혼천의,4,4,A1_V1_조선의_성립,0.5,2,B3_V1_15세기_민족_문화의_발달,0.5,2,"{""A1_V1_조선의_성립"": 2, ""A2_V2_사림_세력의_성장"": 2, ""A3_V3_왜란과_호란의_극복"": 0, ""A4_VI1_붕당_정치와_탕평책"": 0}","{""B1_V1_건국"": 0, ""B2_V1_조선의_통치_제도"": 0, ""B3_V1_15세기_민족_문화의_발달"": 2, ""B4_V2_사림_세력의_성장"": 2, ""B5_V3_왜란과_호란의_극복"": 0, ""B6_VI1_붕당_정치와_탕평책"": 0}"
앙부일구,4,4,A1_V1_조선의_성립,0.5,2,B3_V1_15세기_민족_문화의_발달,0.5,2,"{""A1_V1_조선의_성립"": 2, ""A2_V2_사림_세력의_성장"": 2, ""A3_V3_왜란과_호란의_극복"": 0, ""A4_VI1_붕당_정치와_탕평책"": 0}","{""B1_V1_건국"": 0, ""B2_V1_조선의_통치_제도"": 0, ""B3_V1_15세기_민족_문화의_발달"": 2, ""B4_V2_사림_세력의_성장"": 2, ""B5_V3_왜란과_호란의_극복"": 0, ""B6_VI1_붕당_정치와_탕평책"": 0}"
자격루,4,4,A1_V1_조선의_성립,0.5,2,B3_V1_15세기_민족_문화의_발달,0.5,2,"{""A1_V1_조선의_성립"": 2, ""A2_V2_사림_세력의_성장"": 2, ""A3_V3_왜란과_호란의_극복"": 0, ""A4_VI1_붕당_정치와_탕평책"": 0}","{""B1_V1_건국"": 0, ""B2_V1_조선의_통치_제도"": 0, ""B3_V1_15세기_민족_문화의_발달"": 2, ""B4_V2_사림_세력의_성장"": 2, ""B5_V3_왜란과_호란의_극복"": 0, ""B6_VI1_붕당_정치와_탕평책"": 0}"
인지의,4,4,A1_V1_조선의_성립,0.5,2,B3_V1_15세기_민족_문화의_발달,0.5,2,"{""A1_V1_조선의_성립"": 2, ""A2_V2_사림_세력의_성장"": 2, ""A3_V3_왜란과_호란의_극복"": 0, ""A4_VI1_붕당_정치와_탕평책"": 0}","{""B1_V1_건국"": 0, ""B2_V1_조선의_통치_제도"": 0, ""B3_V1_15세기_민족_문화의_발달"": 2, ""B4_V2_사림_세력의_성장"": 2, ""B5_V3_왜란과_호란의_극복"": 0, ""B6_VI1_붕당_정치와_탕평책"": 0}"
한문학,4,4,A1_V1_조선의_성립,0.5,2,B3_V1_15세기_민족_문화의_발달,0.5,2,"{""A1_V1_조선의_성립"": 2, ""A2_V2_사림_세력의_성장"": 2, ""A3_V3_왜란과_호란의_극복"": 0, ""A4_VI1_붕당_정치와_탕평책"": 0}","{""B1_V1_건국"": 0, ""B2_V1_조선의_통치_제도"": 0, ""B3_V1_15세기_민족_문화의_발달"": 2, ""B4_V2_사림_세력의_성장"": 2, ""B5_V3_왜란과_호란의_극복"": 0, ""B6_VI1_붕당_정치와_탕평책"": 0}"
동문선,4,4,A1_V1_조선의_성립,0.5,2,B3_V1_15세기_민족_문화의_발달,0.5,2,"{""A1_V1_조선의_성립"": 2, ""A2_V2_사림_세력의_성장"": 2, ""A3_V3_왜란과_호란의_극복"": 0, ""A4_VI1_붕당_정치와_탕평책"": 0}","{""B1_V1_건국"": 0, ""B2_V1_조선의_통치_제도"": 0, ""B3_V1_15세기_민족_문화의_발달"": 2, ""B4_V2_사림_세력의_성장"": 2, ""B5_V3_왜란과_호란의_극복"": 0, ""B6_VI1_붕당_정치와_탕평책"": 0}"
사림,10,9,A2_V2_사림_세력의_성장,0.8,2,B4_V2_사림_세력의_성장,0.8,2,"{""A1_V1_조선의_성립"": 2, ""A2_V2_사림_세력의_성장"": 8, ""A3_V3_왜란과_호란의_극복"": 0, ""A4_VI1_붕당_정치와_탕평책"": 0}","{""B1_V1_건국"": 0, ""B2_V1_조선의_통치_제도"": 0, ""B3_V1_15세기_민족_문화의_발달"": 2, ""B4_V2_사림_세력의_성장"": 8, ""B5_V3_왜란과_호란의_극복"": 0, ""B6_VI1_붕당_정치와_탕평책"": 0}"
훈구 세력,10,9,A2_V2_사림_세력의_성장,0.8,2,B4_V2_사림_세력의_성장,0.8,2,"{""A1_V1_조선의_성립"": 2, ""A2_V2_사림_세력의_성장"": 8, ""A3_V3_왜란과_호란의_극복"": 0, ""A4_VI1_붕당_정치와_탕평책"": 0}","{""B1_V1_건국"": 0, ""B2_V1_조선의_통치_제도"": 0, ""B3_V1_15세기_민족_문화의_발달"": 2, ""B4_V2_사림_세력의_성장"": 8, ""B5_V3_왜란과_호란의_극복"": 0, ""B6_VI1_붕당_정치와_탕평책"": 0}"
길재,4,4,A1_V1_조선의_성립,0.5,2,B3_V1_15세기_민족_문화의_발달,0.5,2,"{""A1_V1_조선의_성립"": 2, ""A2_V2_사림_세력의_성장"": 2, ""A3_V3_왜란과_호란의_극복"": 0, ""A4_VI1_붕당_정치와_탕평책"": 0}","{""B1_V1_건국"": 0, ""B2_V1_조선의_통치_제도"": 0, ""B3_V1_15세기_민족_문화의_발달"": 2, ""B4_V2_사림_세력의_성장"": 2, ""B5_V3_왜란과_호란의_극복"": 0, ""B6_VI1_붕당_정치와_탕평책"": 0}"
김종직,4,4,A1_V1_조선의_성립,0.5,2,B3_V1_15세기_민족_문화의_발달,0.5,2,"{""A1_V1_조선의_성립"": 2, ""A2_V2_사림_세력의_성장"": 2, ""A3_V3_왜란과_호란의_극복"": 0, ""A4_VI1_붕당_정치와_탕평책"": 0}","{""B1_V1_건국"": 0, ""B2_V1_조선의_통치_제도"": 0, ""B3_V1_15세기_민족_문화의_발달"": 2, ""B4_V2_사림_세력의_성장"": 2, ""B5_V3_왜란과_호란의_극복"": 0, ""B6_VI1_붕당_정치와_탕평책"": 0}"
조광조,4,4,A1_V1_조선의_성립,0.5,2,B3_V1_15세기_민족_문화의_발달,0.5,2,"{""A1_V1_조선의_성립"": 2, ""A2_V2_사림_세력의_성장"": 2, ""A3_V3_왜란과_호란의_극복"": 0, ""A4_VI1_붕당_정치와_탕평책"": 0}","{""B1_V1_건국"": 0, ""B2_V1_조선의_통치_제도"": 0, ""B3_V1_15세기_민족_문화의_발달"": 2, ""B4_V2_사림_세력의_성장"": 2, ""B5_V3_왜란과_호란의_극복"": 0, ""B6_VI1_붕당_정치와_탕평책"": 0}"
무오사화,4,4,A1_V1_조선의_성립,0.5,2,B3_V1_15세기_민족_문화의_발달,0.5,2,"{""A1_V1_조선의_성립"": 2, ""A2_V2_사림_세력의_성장"": 2, ""A3_V3_왜란과_호란의_극복"": 0, ""A4_VI1_붕당_정치와_탕평책"": 0}","{""B1_V1_건국"": 0, ""B2_V1_조선의_통치_제도"": 0, ""B3_V1_15세기_민족_문화의_발달"": 2, ""B4_V2_사림_세력의_성장"": 2, ""B5_V3_왜란과_호란의_극복"": 0, ""B6_VI1_붕당_정치와_탕평책"": 0}"
국문학,4,4,A1_V1_조선의_성립,0.5,2,B3_V1_15세기_민족_문화의_발달,0.5,2,"{""A1_V1_조선의_성립"": 2, ""A2_V2_사림_세력의_성장"": 2, ""A3_V3_왜란과_호란의_극복"": 0, ""A4_VI1_붕당_정치와_탕평책"": 0}","{""B1_V1_건국"": 0, ""B2_V1_조선의_통치_제도"": 0, ""B3_V1_15세기_민족_문화의_발달"": 2, ""B4_V2_사림_세력의_성장"": 2, ""B5_V3_왜란과_호란의_극복"": 0, ""B6_VI1_붕당_정치와_탕평책"": 0}"
한문,4,4,A1_V1_조선의_성립,0.5,2,B3_V1_15세기_민족_문화의_발달,0.5,2,"{""A1_V1_조선의_성립"": 2, ""A2_V2_사림_세력의_성장"": 2, ""A3_V3_왜란과_호란의_극복"": 0, ""A4_VI1_붕당_정치와_탕평책"": 0}","{""B1_V1_건국"": 0, ""B2_V1_조선의_통치_제도"": 0, ""B3_V1_15세기_민족_문화의_발달"": 2, ""B4_V2_사림_세력의_성장"": 2, ""B5_V3_왜란과_호란의_극복"": 0, ""B6_VI1_붕당_정치와_탕평책"": 0}"
양반,4,4,A1_V1_조선의_성립,0.5,2,B3_V1_15세기_민족_문화의_발달,0.5,2,"{""A1_V1_조선의_성립"": 2, ""A2_V2_사림_세력의_성장"": 2, ""A3_V3_왜란과_호란의_극복"": 0, ""A4_VI1_붕당_정치와_탕평책"": 0}","{""B1_V1_건국"": 0, ""B2_V1_조선의_통치_제도"": 0, ""B3_V1_15세기_민족_문화의_발달"": 2, ""B4_V2_사림_세력의_성장"": 2, ""B5_V3_왜란과_호란의_극복"": 0, ""B6_VI1_붕당_정치와_탕평책"": 0}"
조선 초기,4,4,A1_V1_조선의_성립,0.5,2,B3_V1_15세기_민족_문화의_발달,0.5,2,"{""A1_V1_조선의_성립"": 2, ""A2_V2_사림_세력의_성장"": 2, ""A3_V3_왜란과_호란의_극복"": 0, ""A4_VI1_붕당_정치와_탕평책"": 0}","{""B1_V1_건국"": 0, ""B2_V1_조선의_통치_제도"": 0, ""B3_V1_15세기_민족_문화의_발달"": 2, ""B4_V2_사림_세력의_성장"": 2, ""B5_V3_왜란과_호란의_극복"": 0, ""B6_VI1_붕당_정치와_탕평책"": 0}"
중앙 정치 무대,4,4,A1_V1_조선의_성립,0.5,2,B3_V1_15세기_민족_문화의_발달,0.5,2,"{""A1_V1_조선의_성립"": 2, ""A2_V2_사림_세력의_성장"": 2, ""A3_V3_왜란과_호란의_극복"": 0, ""A4_VI1_붕당_정치와_탕평책"": 0}","{""B1_V1_건국"": 0, ""B2_V1_조선의_통치_제도"": 0, ""B3_V1_15세기_민족_문화의_발달"": 2, ""B4_V2_사림_세력의_성장"": 2, ""B5_V3_왜란과_호란의_극복"": 0, ""B6_VI1_붕당_정치와_탕평책"": 0}"
공론 정치,4,4,A1_V1_조선의_성립,0.5,2,B3_V1_15세기_민족_문화의_발달,0.5,2,"{""A1_V1_조선의_성립"": 2, ""A2_V2_사림_세력의_성장"": 2, ""A3_V3_왜란과_호란의_극복"": 0, ""A4_VI1_붕당_정치와_탕평책"": 0}","{""B1_V1_건국"": 0, ""B2_V1_조선의_통치_제도"": 0, ""B3_V1_15세기_민족_문화의_발달"": 2, ""B4_V2_사림_세력의_성장"": 2, ""B5_V3_왜란과_호란의_극복"": 0, ""B6_VI1_붕당_정치와_탕평책"": 0}"
유교 정치,4,4,A1_V1_조선의_성립,0.5,2,B3_V1_15세기_민족_문화의_발달,0.5,2,"{""A1_V1_조선의_성립"": 2, ""A2_V2_사림_세력의_성장"": 2, ""A3_V3_왜란과_호란의_극복"": 0, ""A4_VI1_붕당_정치와_탕평책"": 0}","{""B1_V1_건국"": 0, ""B2_V1_조선의_통치_제도"": 0, ""B3_V1_15세기_민족_문화의_발달"": 2, ""B4_V2_사림_세력의_성장"": 2, ""B5_V3_왜란과_호란의_극복"": 0, ""B6_VI1_붕당_정치와_탕평책"": 0}"
조선 전기,4,4,A1_V1_조선의_성립,0.5,2,B3_V1_15세기_민족_문화의_발달,0.5,2,"{""A1_V1_조선의_성립"": 2, ""A2_V2_사림_세력의_성장"": 2, ""A3_V3_왜란과_호란의_극복"": 0, ""A4_VI1_붕당_정치와_탕평책"": 0}","{""B1_V1_건국"": 0, ""B2_V1_조선의_통치_제도"": 0, ""B3_V1_15세기_민족_문화의_발달"": 2, ""B4_V2_사림_세력의_성장"": 2, ""B5_V3_왜란과_호란의_극복"": 0, ""B6_VI1_붕당_정치와_탕평책"": 0}"
중종반정,4,4,A1_V1_조선의_성립,0.5,2,B3_V1_15세기_민족_문화의_발달,0.5,2,"{""A1_V1_조선의_성립"": 2, ""A2_V2_사림_세력의_성장"": 2, ""A3_V3_왜란과_호란의_극복"": 0, ""A4_VI1_붕당_정치와_탕평책"": 0}","{""B1_V1_건국"": 0, ""B2_V1_조선의_통치_제도"": 0, ""B3_V1_15세기_민족_문화의_발달"": 2, ""B4_V2_사림_세력의_성장"": 2, ""B5_V3_왜란과_호란의_극복"": 0, ""B6_VI1_붕당_정치와_탕평책"": 0}"
연산군,6,6,A2_V2_사림_세력의_성장,1.0,1,B4_V2_사림_세력의_성장,1.0,1,"{""A1_V1_조선의_성립"": 0, ""A2_V2_사림_세력의_성장"": 6, ""A3_V3_왜란과_호란의_극복"": 0, ""A4_VI1_붕당_정치와_탕평책"": 0}","{""B1_V1_건국"": 0, ""B2_V1_조선의_통치_제도"": 0, ""B3_V1_15세기_민족_문화의_발달"": 0, ""B4_V2_사림_세력의_성장"": 6, ""B5_V3_왜란과_호란의_극복"": 0, ""B6_VI1_붕당_정치와_탕평책"": 0}"
사화,6,6,A2_V2_사림_세력의_성장,1.0,1,B4_V2_사림_세력의_성장,1.0,1,"{""A1_V1_조선의_성립"": 0, ""A2_V2_사림_세력의_성장"": 6, ""A3_V3_왜란과_호란의_극복"": 0, ""A4_VI1_붕당_정치와_탕평책"": 0}","{""B1_V1_건국"": 0, ""B2_V1_조선의_통치_제도"": 0, ""B3_V1_15세기_민족_문화의_발달"": 0, ""B4_V2_사림_세력의_성장"": 6, ""B5_V3_왜란과_호란의_극복"": 0, ""B6_VI1_붕당_정치와_탕평책"": 0}"
왕의 외척,6,6,A2_V2_사림_세력의_성장,1.0,1,B4_V2_사림_세력의_성장,1.0,1,"{""A1_V1_조선의_성립"": 0, ""A2_V2_사림_세력의_성장"": 6, ""A3_V3_왜란과_호란의_극복"": 0, ""A4_VI1_붕당_정치와_탕평책"": 0}","{""B1_V1_건국"": 0, ""B2_V1_조선의_통치_제도"": 0, ""B3_V1_15세기_민족_문화의_발달"": 0, ""B4_V2_사림_세력의_성장"": 6, ""B5_V3_왜란과_호란의_극복"": 0, ""B6_VI1_붕당_정치와_탕평책"": 0}"
붕당,6,6,A2_V2_사림_세력의_성장,1.0,1,B4_V2_사림_세력의_성장,1.0,1,"{""A1_V1_조선의_성립"": 0, ""A2_V2_사림_세력의_성장"": 6, ""A3_V3_왜란과_호란의_극복"": 0, ""A4_VI1_붕당_정치와_탕평책"": 0}","{""B1_V1_건국"": 0, ""B2_V1_조선의_통치_제도"": 0, ""B3_V1_15세기_민족_문화의_발달"": 0, ""B4_V2_사림_세력의_성장"": 6, ""B5_V3_왜란과_호란의_극복"": 0, ""B6_VI1_붕당_정치와_탕평책"": 0}"
동인,6,6,A2_V2_사림_세력의_성장,1.0,1,B4_V2_사림_세력의_성장,1.0,1,"{""A1_V1_조선의_성립"": 0, ""A2_V2_사림_세력의_성장"": 6, ""A3_V3_왜란과_호란의_극복"": 0, ""A4_VI1_붕당_정치와_탕평책"": 0}","{""B1_V1_건국"": 0, ""B2_V1_조선의_통치_제도"": 0, ""B3_V1_15세기_민족_문화의_발달"": 0, ""B4_V2_사림_세력의_성장"": 6, ""B5_V3_왜란과_호란의_극복"": 0, ""B6_VI1_붕당_정치와_탕평책"": 0}"
서인,6,6,A2_V2_사림_세력의_성장,1.0,1,B4_V2_사림_세력의_성장,1.0,1,"{""A1_V1_조선의_성립"": 0, ""A2_V2_사림_세력의_성장"": 6, ""A3_V3_왜란과_호란의_극복"": 0, ""A4_VI1_붕당_정치와_탕평책"": 0}","{""B1_V1_건국"": 0, ""B2_V1_조선의_통치_제도"": 0, ""B3_V1_15세기_민족_문화의_발달"": 0, ""B4_V2_사림_세력의_성장"": 6, ""B5_V3_왜란과_호란의_극복"": 0, ""B6_VI1_붕당_정치와_탕평책"": 0}"
이조 전랑,6,6,A2_V2_사림_세력의_성장,1.0,1,B4_V2_사림_세력의_성장,1.0,1,"{""A1_V1_조선의_성립"": 0, ""A2_V2_사림_세력의_성장"": 6, ""A3_V3_왜란과_호란의_극복"": 0, ""A4_VI1_붕당_정치와_탕평책"": 0}","{""B1_V1_건국"": 0, ""B2_V1_조선의_통치_제도"": 0, ""B3_V1_15세기_민족_문화의_발달"": 0, ""B4_V2_사림_세력의_성장"": 6, ""B5_V3_왜란과_호란의_극복"": 0, ""B6_VI1_붕당_정치와_탕평책"": 0}"
목화 재배,6,6,A2_V2_사림_세력의_성장,1.0,1,B4_V2_사림_세력의_성장,1.0,1,"{""A1_V1_조선의_성립"": 0, ""A2_V2_사림_세력의_성장"": 6, ""A3_V3_왜란과_호란의_극복"": 0, ""A4_VI1_붕당_정치와_탕평책"": 0}","{""B1_V1_건국"": 0, ""B2_V1_조선의_통치_제도"": 0, ""B3_V1_15세기_민족_문화의_발달"": 0, ""B4_V2_사림_세력의_성장"": 6, ""B5_V3_왜란과_호란의_극복"": 0, ""B6_VI1_붕당_정치와_탕평책"": 0}"
과수 및 약초 재배,6,6,A2_V2_사림_세력의_성장,1.0,1,B4_V2_사림_세력의_성장,1.0,1,"{""A1_V1_조선의_성립"": 0, ""A2_V2_사림_세력의_성장"": 6, ""A3_V3_왜란과_호란의_극복"": 0, ""A4_VI1_붕당_정치와_탕평책"": 0}","{""B1_V1_건국"": 0, ""B2_V1_조선의_통치_제도"": 0, ""B3_V1_15세기_민족_문화의_발달"": 0, ""B4_V2_사림_세력의_성장"": 6, ""B5_V3_왜란과_호란의_극복"": 0, ""B6_VI1_붕당_정치와_탕평책"": 0}"
중국 논농사 기술,6,6,A2_V2_사림_세력의_성장,1.0,1,B4_V2_사림_세력의_성장,1.0,1,"{""A1_V1_조선의_성립"": 0, ""A2_V2_사림_세력의_성장"": 6, ""A3_V3_왜란과_호란의_극복"": 0, ""A4_VI1_붕당_정치와_탕평책"": 0}","{""B1_V1_건국"": 0, ""B2_V1_조선의_통치_제도"": 0, ""B3_V1_15세기_민족_문화의_발달"": 0, ""B4_V2_사림_세력의_성장"": 6, ""B5_V3_왜란과_호란의_극복"": 0, ""B6_VI1_붕당_정치와_탕평책"": 0}"
모내기법,6,6,A2_V2_사림_세력의_성장,1.0,1,B4_V2_사림_세력의_성장,1.0,1,"{""A1_V1_조선의_성립"": 0, ""A2_V2_사림_세력의_성장"": 6, ""A3_V3_왜란과_호란의_극복"": 0, ""A4_VI1_붕당_정치와_탕평책"": 0}","{""B1_V1_건국"": 0, ""B2_V1_조선의_통치_제도"": 0, ""B3_V1_15세기_민족_문화의_발달"": 0, ""B4_V2_사림_세력의_성장"": 6, ""B5_V3_왜란과_호란의_극복"": 0, ""B6_VI1_붕당_정치와_탕평책"": 0}"
중소 지주,6,6,A2_V2_사림_세력의_성장,1.0,1,B4_V2_사림_세력의_성장,1.0,1,"{""A1_V1_조선의_성립"": 0, ""A2_V2_사림_세력의_성장"": 6, ""A3_V3_왜란과_호란의_극복"": 0, ""A4_VI1_붕당_정치와_탕평책"": 0}","{""B1_V1_건국"": 0, ""B2_V1_조선의_통치_제도"": 0, ""B3_V1_15세기_민족_문화의_발달"": 0, ""B4_V2_사림_세력의_성장"": 6, ""B5_V3_왜란과_호란의_극복"": 0, ""B6_VI1_붕당_정치와_탕평책"": 0}"
장시,6,6,A2_V2_사림_세력의_성장,1.0,1,B4_V2_사림_세력의_성장,1.0,1,"{""A1_V1_조선의_성립"": 0, ""A2_V2_사림_세력의_성장"": 6, ""A3_V3_왜란과_호란의_극복"": 0, ""A4_VI1_붕당_정치와_탕평책"": 0}","{""B1_V1_건국"": 0, ""B2_V1_조선의_통치_제도"": 0, ""B3_V1_15세기_민족_문화의_발달"": 0, ""B4_V2_사림_세력의_성장"": 6, ""B5_V3_왜란과_호란의_극복"": 0, ""B6_VI1_붕당_정치와_탕평책"": 0}"
신진 사대부,6,6,A2_V2_사림_세력의_성장,1.0,1,B4_V2_사림_세력의_성장,1.0,1,"{""A1_V1_조선의_성립"": 0, ""A2_V2_사림_세력의_성장"": 6, ""A3_V3_왜란과_호란의_극복"": 0, ""A4_VI1_붕당_정치와_탕평책"": 0}","{""B1_V1_건국"": 0, ""B2_V1_조선의_통치_제도"": 0, ""B3_V1_15세기_민족_문화의_발달"": 0, ""B4_V2_사림_세력의_성장"": 6, ""B5_V3_왜란과_호란의_극복"": 0, ""B6_VI1_붕당_정치와_탕평책"": 0}"
향약,12,6,A2_V2_사림_세력의_성장,1.0,1,B4_V2_사림_세력의_성장,1.0,1,"{""A1_V1_조선의_성립"": 0, ""A2_V2_사림_세력의_성장"": 12, ""A3_V3_왜란과_호란의_극복"": 0, ""A4_VI1_붕당_정치와_탕평책"": 0}","{""B1_V1_건국"": 0, ""B2_V1_조선의_통치_제도"": 0, ""B3_V1_15세기_민족_문화의_발달"": 0, ""B4_V2_사림_세력의_성장"": 12, ""B5_V3_왜란과_호란의_극복"": 0, ""B6_VI1_붕당_정치와_탕평책"": 0}"
향약 4대 덕목,6,6,A2_V2_사림_세력의_성장,1.0,1,B4_V2_사림_세력의_성장,1.0,1,"{""A1_V1_조선의_성립"": 0, ""A2_V2_사림_세력의_성장"": 6, ""A3_V3_왜란과_호란의_극복"": 0, ""A4_VI1_붕당_정치와_탕평책"": 0}","{""B1_V1_건국"": 0, ""B2_V1_조선의_통치_제도"": 0, ""B3_V1_15세기_민족_문화의_발달"": 0, ""B4_V2_사림_세력의_성장"": 6, ""B5_V3_왜란과_호란의_극복"": 0, ""B6_VI1_붕당_정치와_탕평책"": 0}"
이황,24,18,A3_V3_왜란과_호란의_극복,0.375,3,B5_V3_왜란과_호란의_극복,0.375,3,"{""A1_V1_조선의_성립"": 0, ""A2_V2_사림_세력의_성장"": 8, ""A3_V3_왜란과_호란의_극복"": 9, ""A4_VI1_붕당_정치와_탕평책"": 7}","{""B1_V1_건국"": 0, ""B2_V1_조선의_통치_제도"": 0, ""B3_V1_15세기_민족_문화의_발달"": 0, ""B4_V2_사림_세력의_성장"": 8, ""B5_V3_왜란과_호란의_극복"": 9, ""B6_VI1_붕당_정치와_탕평책"": 7}"
이이,24,18,A3_V3_왜란과_호란의_극복,0.375,3,B5_V3_왜란과_호란의_극복,0.375,3,"{""A1_V1_조선의_성립"": 0, ""A2_V2_사림_세력의_성장"": 8, ""A3_V3_왜란과_호란의_극복"": 9, ""A4_VI1_붕당_정치와_탕평책"": 7}","{""B1_V1_건국"": 0, ""B2_V1_조선의_통치_제도"": 0, ""B3_V1_15세기_민족_문화의_발달"": 0, ""B4_V2_사림_세력의_성장"": 8, ""B5_V3_왜란과_호란의_극복"": 9, ""B6_VI1_붕당_정치와_탕평책"": 7}"
불교,6,6,A2_V2_사림_세력의_성장,1.0,1,B4_V2_사림_세력의_성장,1.0,1,"{""A1_V1_조선의_성립"": 0, ""A2_V2_사림_세력의_성장"": 6, ""A3_V3_왜란과_호란의_극복"": 0, ""A4_VI1_붕당_정치와_탕평책"": 0}","{""B1_V1_건국"": 0, ""B2_V1_조선의_통치_제도"": 0, ""B3_V1_15세기_민족_문화의_발달"": 0, ""B4_V2_사림_세력의_성장"": 6, ""B5_V3_왜란과_호란의_극복"": 0, ""B6_VI1_붕당_정치와_탕평책"": 0}"
계,6,6,A2_V2_사림_세력의_성장,1.0,1,B4_V2_사림_세력의_성장,1.0,1,"{""A1_V1_조선의_성립"": 0, ""A2_V2_사림_세력의_성장"": 6, ""A3_V3_왜란과_호란의_극복"": 0, ""A4_VI1_붕당_정치와_탕평책"": 0}","{""B1_V1_건국"": 0, ""B2_V1_조선의_통치_제도"": 0, ""B3_V1_15세기_민족_문화의_발달"": 0, ""B4_V2_사림_세력의_성장"": 6, ""B5_V3_왜란과_호란의_극복"": 0, ""B6_VI1_붕당_정치와_탕평책"": 0}"
인사권,6,6,A2_V2_사림_세력의_성장,1.0,1,B4_V2_사림_세력의_성장,1.0,1,"{""A1_V1_조선의_성립"": 0, ""A2_V2_사림_세력의_성장"": 6, ""A3_V3_왜란과_호란의_극복"": 0, ""A4_VI1_붕당_정치와_탕평책"": 0}","{""B1_V1_건국"": 0, ""B2_V1_조선의_통치_제도"": 0, ""B3_V1_15세기_민족_문화의_발달"": 0, ""B4_V2_사림_세력의_성장"": 6, ""B5_V3_왜란과_호란의_극복"": 0, ""B6_VI1_붕당_정치와_탕평책"": 0}"
서원,6,6,A2_V2_사림_세력의_성장,1.0,1,B4_V2_사림_세력의_성장,1.0,1,"{""A1_V1_조선의_성립"": 0, ""A2_V2_사림_세력의_성장"": 6, ""A3_V3_왜란과_호란의_극복"": 0, ""A4_VI1_붕당_정치와_탕평책"": 0}","{""B1_V1_건국"": 0, ""B2_V1_조선의_통치_제도"": 0, ""B3_V1_15세기_민족_문화의_발달"": 0, ""B4_V2_사림_세력의_성장"": 6, ""B5_V3_왜란과_호란의_극복"": 0, ""B6_VI1_붕당_정치와_탕평책"": 0}"
조선 왕조,5,5,A3_V3_왜란과_호란의_극복,0.8,2,B5_V3_왜란과_호란의_극복,0.8,2,"{""A1_V1_조선의_성립"": 0, ""A2_V2_사림_세력의_성장"": 1, ""A3_V3_왜란과_호란의_극복"": 4, ""A4_VI1_붕당_정치와_탕평책"": 0}","{""B1_V1_건국"": 0, ""B2_V1_조선의_통치_제도"": 0, ""B3_V1_15세기_민족_문화의_발달"": 0, ""B4_V2_사림_세력의_성장"": 1, ""B5_V3_왜란과_호란의_극복"": 4, ""B6_VI1_붕당_정치와_탕평책"": 0}"
소학,5,5,A3_V3_왜란과_호란의_극복,0.8,2,B5_V3_왜란과_호란의_극복,0.8,2,"{""A1_V1_조선의_성립"": 0, ""A2_V2_사림_세력의_성장"": 1, ""A3_V3_왜란과_호란의_극복"": 4, ""A4_VI1_붕당_정치와_탕평책"": 0}","{""B1_V1_건국"": 0, ""B2_V1_조선의_통치_제도"": 0, ""B3_V1_15세기_민족_문화의_발달"": 0, ""B4_V2_사림_세력의_성장"": 1, ""B5_V3_왜란과_호란의_극복"": 4, ""B6_VI1_붕당_정치와_탕평책"": 0}"
주세붕,10,5,A3_V3_왜란과_호란의_극복,0.8,2,B5_V3_왜란과_호란의_극복,0.8,2,"{""A1_V1_조선의_성립"": 0, ""A2_V2_사림_세력의_성장"": 2, ""A3_V3_왜란과_호란의_극복"": 8, ""A4_VI1_붕당_정치와_탕평책"": 0}","{""B1_V1_건국"": 0, ""B2_V1_조선의_통치_제도"": 0, ""B3_V1_15세기_민족_문화의_발달"": 0, ""B4_V2_사림_세력의_성장"": 2, ""B5_V3_왜란과_호란의_극복"": 8, ""B6_VI1_붕당_정치와_탕평책"": 0}"
안향,10,5,A3_V3_왜란과_호란의_극복,0.8,2,B5_V3_왜란과_호란의_극복,0.8,2,"{""A1_V1_조선의_성립"": 0, ""A2_V2_사림_세력의_성장"": 2, ""A3_V3_왜란과_호란의_극복"": 8, ""A4_VI1_붕당_정치와_탕평책"": 0}","{""B1_V1_건국"": 0, ""B2_V1_조선의_통치_제도"": 0, ""B3_V1_15세기_민족_문화의_발달"": 0, ""B4_V2_사림_세력의_성장"": 2, ""B5_V3_왜란과_호란의_극복"": 8, ""B6_VI1_붕당_정치와_탕평책"": 0}"
백운동 서원,10,5,A3_V3_왜란과_호란의_극복,0.8,2,B5_V3_왜란과_호란의_극복,0.8,2,"{""A1_V1_조선의_성립"": 0, ""A2_V2_사림_세력의_성장"": 2, ""A3_V3_왜란과_호란의_극복"": 8, ""A4_VI1_붕당_정치와_탕평책"": 0}","{""B1_V1_건국"": 0, ""B2_V1_조선의_통치_제도"": 0, ""B3_V1_15세기_민족_문화의_발달"": 0, ""B4_V2_사림_세력의_성장"": 2, ""B5_V3_왜란과_호란의_극복"": 8, ""B6_VI1_붕당_정치와_탕평책"": 0}"
소수 서원,10,5,A3_V3_왜란과_호란의_극복,0.8,2,B5_V3_왜란과_호란의_극복,0.8,2,"{""A1_V1_조선의_성립"": 0, ""A2_V2_사림_세력의_성장"": 2, ""A3_V3_왜란과_호란의_극복"": 8, ""A4_VI1_붕당_정치와_탕평책"": 0}","{""B1_V1_건국"": 0, ""B2_V1_조선의_통치_제도"": 0, ""B3_V1_15세기_민족_문화의_발달"": 0, ""B4_V2_사림_세력의_성장"": 2, ""B5_V3_왜란과_호란의_극복"": 8, ""B6_VI1_붕당_정치와_탕평책"": 0}"
중국 대륙,5,5,A3_V3_왜란과_호란의_극복,0.8,2,B5_V3_왜란과_호란의_극복,0.8,2,"{""A1_V1_조선의_성립"": 0, ""A2_V2_사림_세력의_성장"": 1, ""A3_V3_왜란과_호란의_극복"": 4, ""A4_VI1_붕당_정치와_탕평책"": 0}","{""B1_V1_건국"": 0, ""B2_V1_조선의_통치_제도"": 0, ""B3_V1_15세기_민족_문화의_발달"": 0, ""B4_V2_사림_세력의_성장"": 1, ""B5_V3_왜란과_호란의_극복"": 4, ""B6_VI1_붕당_정치와_탕평책"": 0}"
도요토미 히데요시,5,5,A3_V3_왜란과_호란의_극복,0.8,2,B5_V3_왜란과_호란의_극복,0.8,2,"{""A1_V1_조선의_성립"": 0, ""A2_V2_사림_세력의_성장"": 1, ""A3_V3_왜란과_호란의_극복"": 4, ""A4_VI1_붕당_정치와_탕평책"": 0}","{""B1_V1_건국"": 0, ""B2_V1_조선의_통치_제도"": 0, ""B3_V1_15세기_민족_문화의_발달"": 0, ""B4_V2_사림_세력의_성장"": 1, ""B5_V3_왜란과_호란의_극복"": 4, ""B6_VI1_붕당_정치와_탕평책"": 0}"
포르투갈 상인,5,5,A3_V3_왜란과_호란의_극복,0.8,2,B5_V3_왜란과_호란의_극복,0.8,2,"{""A1_V1_조선의_성립"": 0, ""A2_V2_사림_세력의_성장"": 1, ""A3_V3_왜란과_호란의_극복"": 4, ""A4_VI1_붕당_정치와_탕평책"": 0}","{""B1_V1_건국"": 0, ""B2_V1_조선의_통치_제도"": 0, ""B3_V1_15세기_민족_문화의_발달"": 0, ""B4_V2_사림_세력의_성장"": 1, ""B5_V3_왜란과_호란의_극복"": 4, ""B6_VI1_붕당_정치와_탕평책"": 0}"
조총,5,5,A3_V3_왜란과_호란의_극복,0.8,2,B5_V3_왜란과_호란의_극복,0.8,2,"{""A1_V1_조선의_성립"": 0, ""A2_V2_사림_세력의_성장"": 1, ""A3_V3_왜란과_호란의_극복"": 4, ""A4_VI1_붕당_정치와_탕평책"": 0}","{""B1_V1_건국"": 0, ""B2_V1_조선의_통치_제도"": 0, ""B3_V1_15세기_민족_문화의_발달"": 0, ""B4_V2_사림_세력의_성장"": 1, ""B5_V3_왜란과_호란의_극복"": 4, ""B6_VI1_붕당_정치와_탕평책"": 0}"
임진왜란,10,5,A3_V3_왜란과_호란의_극복,0.8,2,B5_V3_왜란과_호란의_극복,0.8,2,"{""A1_V1_조선의_성립"": 0, ""A2_V2_사림_세력의_성장"": 2, ""A3_V3_왜란과_호란의_극복"": 8, ""A4_VI1_붕당_정치와_탕평책"": 0}","{""B1_V1_건국"": 0, ""B2_V1_조선의_통치_제도"": 0, ""B3_V1_15세기_민족_문화의_발달"": 0, ""B4_V2_사림_세력의_성장"": 2, ""B5_V3_왜란과_호란의_극복"": 8, ""B6_VI1_붕당_정치와_탕평책"": 0}"
부산진,5,5,A3_V3_왜란과_호란의_극복,0.8,2,B5_V3_왜란과_호란의_극복,0.8,2,"{""A1_V1_조선의_성립"": 0, ""A2_V2_사림_세력의_성장"": 1, ""A3_V3_왜란과_호란의_극복"": 4, ""A4_VI1_붕당_정치와_탕평책"": 0}","{""B1_V1_건국"": 0, ""B2_V1_조선의_통치_제도"": 0, ""B3_V1_15세기_민족_문화의_발달"": 0, ""B4_V2_사림_세력의_성장"": 1, ""B5_V3_왜란과_호란의_극복"": 4, ""B6_VI1_붕당_정치와_탕평책"": 0}"
동래성,5,5,A3_V3_왜란과_호란의_극복,0.8,2,B5_V3_왜란과_호란의_극복,0.8,2,"{""A1_V1_조선의_성립"": 0, ""A2_V2_사림_세력의_성장"": 1, ""A3_V3_왜란과_호란의_극복"": 4, ""A4_VI1_붕당_정치와_탕평책"": 0}","{""B1_V1_건국"": 0, ""B2_V1_조선의_통치_제도"": 0, ""B3_V1_15세기_민족_문화의_발달"": 0, ""B4_V2_사림_세력의_성장"": 1, ""B5_V3_왜란과_호란의_극복"": 4, ""B6_VI1_붕당_정치와_탕평책"": 0}"
정발,5,5,A3_V3_왜란과_호란의_극복,0.8,2,B5_V3_왜란과_호란의_극복,0.8,2,"{""A1_V1_조선의_성립"": 0, ""A2_V2_사림_세력의_성장"": 1, ""A3_V3_왜란과_호란의_극복"": 4, ""A4_VI1_붕당_정치와_탕평책"": 0}","{""B1_V1_건국"": 0, ""B2_V1_조선의_통치_제도"": 0, ""B3_V1_15세기_민족_문화의_발달"": 0, ""B4_V2_사림_세력의_성장"": 1, ""B5_V3_왜란과_호란의_극복"": 4, ""B6_VI1_붕당_정치와_탕평책"": 0}"
송상현,5,5,A3_V3_왜란과_호란의_극복,0.8,2,B5_V3_왜란과_호란의_극복,0.8,2,"{""A1_V1_조선의_성립"": 0, ""A2_V2_사림_세력의_성장"": 1, ""A3_V3_왜란과_호란의_극복"": 4, ""A4_VI1_붕당_정치와_탕평책"": 0}","{""B1_V1_건국"": 0, ""B2_V1_조선의_통치_제도"": 0, ""B3_V1_15세기_민족_문화의_발달"": 0, ""B4_V2_사림_세력의_성장"": 1, ""B5_V3_왜란과_호란의_극복"": 4, ""B6_VI1_붕당_정치와_탕평책"": 0}"
조선 정부,5,5,A3_V3_왜란과_호란의_극복,0.8,2,B5_V3_왜란과_호란의_극복,0.8,2,"{""A1_V1_조선의_성립"": 0, ""A2_V2_사림_세력의_성장"": 1, ""A3_V3_왜란과_호란의_극복"": 4, ""A4_VI1_붕당_정치와_탕평책"": 0}","{""B1_V1_건국"": 0, ""B2_V1_조선의_통치_제도"": 0, ""B3_V1_15세기_민족_문화의_발달"": 0, ""B4_V2_사림_세력의_성장"": 1, ""B5_V3_왜란과_호란의_극복"": 4, ""B6_VI1_붕당_정치와_탕평책"": 0}"
충주 방어선,5,5,A3_V3_왜란과_호란의_극복,0.8,2,B5_V3_왜란과_호란의_극복,0.8,2,"{""A1_V1_조선의_성립"": 0, ""A2_V2_사림_세력의_성장"": 1, ""A3_V3_왜란과_호란의_극복"": 4, ""A4_VI1_붕당_정치와_탕평책"": 0}","{""B1_V1_건국"": 0, ""B2_V1_조선의_통치_제도"": 0, ""B3_V1_15세기_민족_문화의_발달"": 0, ""B4_V2_사림_세력의_성장"": 1, ""B5_V3_왜란과_호란의_극복"": 4, ""B6_VI1_붕당_정치와_탕평책"": 0}"
선조,5,5,A3_V3_왜란과_호란의_극복,0.8,2,B5_V3_왜란과_호란의_극복,0.8,2,"{""A1_V1_조선의_성립"": 0, ""A2_V2_사림_세력의_성장"": 1, ""A3_V3_왜란과_호란의_극복"": 4, ""A4_VI1_붕당_정치와_탕평책"": 0}","{""B1_V1_건국"": 0, ""B2_V1_조선의_통치_제도"": 0, ""B3_V1_15세기_민족_문화의_발달"": 0, ""B4_V2_사림_세력의_성장"": 1, ""B5_V3_왜란과_호란의_극복"": 4, ""B6_VI1_붕당_정치와_탕평책"": 0}"
의주,10,5,A3_V3_왜란과_호란의_극복,0.8,2,B5_V3_왜란과_호란의_극복,0.8,2,"{""A1_V1_조선의_성립"": 0, ""A2_V2_사림_세력의_성장"": 2, ""A3_V3_왜란과_호란의_극복"": 8, ""A4_VI1_붕당_정치와_탕평책"": 0}","{""B1_V1_건국"": 0, ""B2_V1_조선의_통치_제도"": 0, ""B3_V1_15세기_민족_문화의_발달"": 0, ""B4_V2_사림_세력의_성장"": 2, ""B5_V3_왜란과_호란의_극복"": 8, ""B6_VI1_붕당_정치와_탕평책"": 0}"
평양,5,5,A3_V3_왜란과_호란의_극복,0.8,2,B5_V3_왜란과_호란의_극복,0.8,2,"{""A1_V1_조선의_성립"": 0, ""A2_V2_사림_세력의_성장"": 1, ""A3_V3_왜란과_호란의_극복"": 4, ""A4_VI1_붕당_정치와_탕평책"": 0}","{""B1_V1_건국"": 0, ""B2_V1_조선의_통치_제도"": 0, ""B3_V1_15세기_민족_문화의_발달"": 0, ""B4_V2_사림_세력의_성장"": 1, ""B5_V3_왜란과_호란의_극복"": 4, ""B6_VI1_붕당_정치와_탕평책"": 0}"
함경도 지방,5,5,A3_V3_왜란과_호란의_극복,0.8,2,B5_V3_왜란과_호란의_극복,0.8,2,"{""A1_V1_조선의_성립"": 0, ""A2_V2_사림_세력의_성장"": 1, ""A3_V3_왜란과_호란의_극복"": 4, ""A4_VI1_붕당_정치와_탕평책"": 0}","{""B1_V1_건국"": 0, ""B2_V1_조선의_통치_제도"": 0, ""B3_V1_15세기_민족_문화의_발달"": 0, ""B4_V2_사림_세력의_성장"": 1, ""B5_V3_왜란과_호란의_극복"": 4, ""B6_VI1_붕당_정치와_탕평책"": 0}"
한반도,5,5,A3_V3_왜란과_호란의_극복,0.8,2,B5_V3_왜란과_호란의_극복,0.8,2,"{""A1_V1_조선의_성립"": 0, ""A2_V2_사림_세력의_성장"": 1, ""A3_V3_왜란과_호란의_극복"": 4, ""A4_VI1_붕당_정치와_탕평책"": 0}","{""B1_V1_건국"": 0, ""B2_V1_조선의_통치_제도"": 0, ""B3_V1_15세기_민족_문화의_발달"": 0, ""B4_V2_사림_세력의_성장"": 1, ""B5_V3_왜란과_호란의_극복"": 4, ""B6_VI1_붕당_정치와_탕평책"": 0}"
이순신,10,5,A3_V3_왜란과_호란의_극복,0.8,2,B5_V3_왜란과_호란의_극복,0.8,2,"{""A1_V1_조선의_성립"": 0, ""A2_V2_사림_세력의_성장"": 2, ""A3_V3_왜란과_호란의_극복"": 8, ""A4_VI1_붕당_정치와_탕평책"": 0}","{""B1_V1_건국"": 0, ""B2_V1_조선의_통치_제도"": 0, ""B3_V1_15세기_민족_문화의_발달"": 0, ""B4_V2_사림_세력의_성장"": 2, ""B5_V3_왜란과_호란의_극복"": 8, ""B6_VI1_붕당_정치와_탕평책"": 0}"
옥포 해전,5,5,A3_V3_왜란과_호란의_극복,0.8,2,B5_V3_왜란과_호란의_극복,0.8,2,"{""A1_V1_조선의_성립"": 0, ""A2_V2_사림_세력의_성장"": 1, ""A3_V3_왜란과_호란의_극복"": 4, ""A4_VI1_붕당_정치와_탕평책"": 0}","{""B1_V1_건국"": 0, ""B2_V1_조선의_통치_제도"": 0, ""B3_V1_15세기_민족_문화의_발달"": 0, ""B4_V2_사림_세력의_성장"": 1, ""B5_V3_왜란과_호란의_극복"": 4, ""B6_VI1_붕당_정치와_탕평책"": 0}"
거북선,5,5,A3_V3_왜란과_호란의_극복,0.8,2,B5_V3_왜란과_호란의_극복,0.8,2,"{""A1_V1_조선의_성립"": 0, ""A2_V2_사림_세력의_성장"": 1, ""A3_V3_왜란과_호란의_극복"": 4, ""A4_VI1_붕당_정치와_탕평책"": 0}","{""B1_V1_건국"": 0, ""B2_V1_조선의_통치_제도"": 0, ""B3_V1_15세기_민족_문화의_발달"": 0, ""B4_V2_사림_세력의_성장"": 1, ""B5_V3_왜란과_호란의_극복"": 4, ""B6_VI1_붕당_정치와_탕평책"": 0}"
사천 해전,5,5,A3_V3_왜란과_호란의_극복,0.8,2,B5_V3_왜란과_호란의_극복,0.8,2,"{""A1_V1_조선의_성립"": 0, ""A2_V2_사림_세력의_성장"": 1, ""A3_V3_왜란과_호란의_극복"": 4, ""A4_VI1_붕당_정치와_탕평책"": 0}","{""B1_V1_건국"": 0, ""B2_V1_조선의_통치_제도"": 0, ""B3_V1_15세기_민족_문화의_발달"": 0, ""B4_V2_사림_세력의_성장"": 1, ""B5_V3_왜란과_호란의_극복"": 4, ""B6_VI1_붕당_정치와_탕평책"": 0}"
당포 해전,5,5,A3_V3_왜란과_호란의_극복,0.8,2,B5_V3_왜란과_호란의_극복,0.8,2,"{""A1_V1_조선의_성립"": 0, ""A2_V2_사림_세력의_성장"": 1, ""A3_V3_왜란과_호란의_극복"": 4, ""A4_VI1_붕당_정치와_탕평책"": 0}","{""B1_V1_건국"": 0, ""B2_V1_조선의_통치_제도"": 0, ""B3_V1_15세기_민족_문화의_발달"": 0, ""B4_V2_사림_세력의_성장"": 1, ""B5_V3_왜란과_호란의_극복"": 4, ""B6_VI1_붕당_정치와_탕평책"": 0}"
한산도 해전,5,5,A3_V3_왜란과_호란의_극복,0.8,2,B5_V3_왜란과_호란의_극복,0.8,2,"{""A1_V1_조선의_성립"": 0, ""A2_V2_사림_세력의_성장"": 1, ""A3_V3_왜란과_호란의_극복"": 4, ""A4_VI1_붕당_정치와_탕평책"": 0}","{""B1_V1_건국"": 0, ""B2_V1_조선의_통치_제도"": 0, ""B3_V1_15세기_민족_문화의_발달"": 0, ""B4_V2_사림_세력의_성장"": 1, ""B5_V3_왜란과_호란의_극복"": 4, ""B6_VI1_붕당_정치와_탕평책"": 0}"
전라도 곡창 지대,5,5,A3_V3_왜란과_호란의_극복,0.8,2,B5_V3_왜란과_호란의_극복,0.8,2,"{""A1_V1_조선의_성립"": 0, ""A2_V2_사림_세력의_성장"": 1, ""A3_V3_왜란과_호란의_극복"": 4, ""A4_VI1_붕당_정치와_탕평책"": 0}","{""B1_V1_건국"": 0, ""B2_V1_조선의_통치_제도"": 0, ""B3_V1_15세기_민족_문화의_발달"": 0, ""B4_V2_사림_세력의_성장"": 1, ""B5_V3_왜란과_호란의_극복"": 4, ""B6_VI1_붕당_정치와_탕평책"": 0}"
황해안,5,5,A3_V3_왜란과_호란의_극복,0.8,2,B5_V3_왜란과_호란의_극복,0.8,2,"{""A1_V1_조선의_성립"": 0, ""A2_V2_사림_세력의_성장"": 1, ""A3_V3_왜란과_호란의_극복"": 4, ""A4_VI1_붕당_정치와_탕평책"": 0}","{""B1_V1_건국"": 0, ""B2_V1_조선의_통치_제도"": 0, ""B3_V1_15세기_민족_문화의_발달"": 0, ""B4_V2_사림_세력의_성장"": 1, ""B5_V3_왜란과_호란의_극복"": 4, ""B6_VI1_붕당_정치와_탕평책"": 0}"
의병,10,5,A3_V3_왜란과_호란의_극복,0.8,2,B5_V3_왜란과_호란의_극복,0.8,2,"{""A1_V1_조선의_성립"": 0, ""A2_V2_사림_세력의_성장"": 2, ""A3_V3_왜란과_호란의_극복"": 8, ""A4_VI1_붕당_정치와_탕평책"": 0}","{""B1_V1_건국"": 0, ""B2_V1_조선의_통치_제도"": 0, ""B3_V1_15세기_민족_문화의_발달"": 0, ""B4_V2_사림_세력의_성장"": 2, ""B5_V3_왜란과_호란의_극복"": 8, ""B6_VI1_붕당_정치와_탕평책"": 0}"
곽재우,10,5,A3_V3_왜란과_호란의_극복,0.8,2,B5_V3_왜란과_호란의_극복,0.8,2,"{""A1_V1_조선의_성립"": 0, ""A2_V2_사림_세력의_성장"": 2, ""A3_V3_왜란과_호란의_극복"": 8, ""A4_VI1_붕당_정치와_탕평책"": 0}","{""B1_V1_건국"": 0, ""B2_V1_조선의_통치_제도"": 0, ""B3_V1_15세기_민족_문화의_발달"": 0, ""B4_V2_사림_세력의_성장"": 2, ""B5_V3_왜란과_호란의_극복"": 8, ""B6_VI1_붕당_정치와_탕평책"": 0}"
조헌,10,5,A3_V3_왜란과_호란의_극복,0.8,2,B5_V3_왜란과_호란의_극복,0.8,2,"{""A1_V1_조선의_성립"": 0, ""A2_V2_사림_세력의_성장"": 2, ""A3_V3_왜란과_호란의_극복"": 8, ""A4_VI1_붕당_정치와_탕평책"": 0}","{""B1_V1_건국"": 0, ""B2_V1_조선의_통치_제도"": 0, ""B3_V1_15세기_민족_문화의_발달"": 0, ""B4_V2_사림_세력의_성장"": 2, ""B5_V3_왜란과_호란의_극복"": 8, ""B6_VI1_붕당_정치와_탕평책"": 0}"
고경명,10,5,A3_V3_왜란과_호란의_극복,0.8,2,B5_V3_왜란과_호란의_극복,0.8,2,"{""A1_V1_조선의_성립"": 0, ""A2_V2_사림_세력의_성장"": 2, ""A3_V3_왜란과_호란의_극복"": 8, ""A4_VI1_붕당_정치와_탕평책"": 0}","{""B1_V1_건국"": 0, ""B2_V1_조선의_통치_제도"": 0, ""B3_V1_15세기_민족_문화의_발달"": 0, ""B4_V2_사림_세력의_성장"": 2, ""B5_V3_왜란과_호란의_극복"": 8, ""B6_VI1_붕당_정치와_탕평책"": 0}"
정문부,10,5,A3_V3_왜란과_호란의_극복,0.8,2,B5_V3_왜란과_호란의_극복,0.8,2,"{""A1_V1_조선의_성립"": 0, ""A2_V2_사림_세력의_성장"": 2, ""A3_V3_왜란과_호란의_극복"": 8, ""A4_VI1_붕당_정치와_탕평책"": 0}","{""B1_V1_건국"": 0, ""B2_V1_조선의_통치_제도"": 0, ""B3_V1_15세기_민족_문화의_발달"": 0, ""B4_V2_사림_세력의_성장"": 2, ""B5_V3_왜란과_호란의_극복"": 8, ""B6_VI1_붕당_정치와_탕평책"": 0}"
유정 (사명대사),10,5,A3_V3_왜란과_호란의_극복,0.8,2,B5_V3_왜란과_호란의_극복,0.8,2,"{""A1_V1_조선의_성립"": 0, ""A2_V2_사림_세력의_성장"": 2, ""A3_V3_왜란과_호란의_극복"": 8, ""A4_VI1_붕당_정치와_탕평책"": 0}","{""B1_V1_건국"": 0, ""B2_V1_조선의_통치_제도"": 0, ""B3_V1_15세기_민족_문화의_발달"": 0, ""B4_V2_사림_세력의_성장"": 2, ""B5_V3_왜란과_호란의_극복"": 8, ""B6_VI1_붕당_정치와_탕평책"": 0}"
농민,5,5,A3_V3_왜란과_호란의_극복,0.8,2,B5_V3_왜란과_호란의_극복,0.8,2,"{""A1_V1_조선의_성립"": 0, ""A2_V2_사림_세력의_성장"": 1, ""A3_V3_왜란과_호란의_극복"": 4, ""A4_VI1_붕당_정치와_탕평책"": 0}","{""B1_V1_건국"": 0, ""B2_V1_조선의_통치_제도"": 0, ""B3_V1_15세기_민족_문화의_발달"": 0, ""B4_V2_사림_세력의_성장"": 1, ""B5_V3_왜란과_호란의_극복"": 4, ""B6_VI1_붕당_정치와_탕평책"": 0}"
전직 관료,5,5,A3_V3_왜란과_호란의_극복,0.8,2,B5_V3_왜란과_호란의_극복,0.8,2,"{""A1_V1_조선의_성립"": 0, ""A2_V2_사림_세력의_성장"": 1, ""A3_V3_왜란과_호란의_극복"": 4, ""A4_VI1_붕당_정치와_탕평책"": 0}","{""B1_V1_건국"": 0, ""B2_V1_조선의_통치_제도"": 0, ""B3_V1_15세기_민족_문화의_발달"": 0, ""B4_V2_사림_세력의_성장"": 1, ""B5_V3_왜란과_호란의_극복"": 4, ""B6_VI1_붕당_정치와_탕평책"": 0}"
유학자,5,5,A3_V3_왜란과_호란의_극복,0.8,2,B5_V3_왜란과_호란의_극복,0.8,2,"{""A1_V1_조선의_성립"": 0, ""A2_V2_사림_세력의_성장"": 1, ""A3_V3_왜란과_호란의_극복"": 4, ""A4_VI1_붕당_정치와_탕평책"": 0}","{""B1_V1_건국"": 0, ""B2_V1_조선의_통치_제도"": 0, ""B3_V1_15세기_민족_문화의_발달"": 0, ""B4_V2_사림_세력의_성장"": 1, ""B5_V3_왜란과_호란의_극복"": 4, ""B6_VI1_붕당_정치와_탕평책"": 0}"
승려,5,5,A3_V3_왜란과_호란의_극복,0.8,2,B5_V3_왜란과_호란의_극복,0.8,2,"{""A1_V1_조선의_성립"": 0, ""A2_V2_사림_세력의_성장"": 1, ""A3_V3_왜란과_호란의_극복"": 4, ""A4_VI1_붕당_정치와_탕평책"": 0}","{""B1_V1_건국"": 0, ""B2_V1_조선의_통치_제도"": 0, ""B3_V1_15세기_민족_문화의_발달"": 0, ""B4_V2_사림_세력의_성장"": 1, ""B5_V3_왜란과_호란의_극복"": 4, ""B6_VI1_붕당_정치와_탕평책"": 0}"
명의 원군,5,5,A3_V3_왜란과_호란의_극복,0.8,2,B5_V3_왜란과_호란의_극복,0.8,2,"{""A1_V1_조선의_성립"": 0, ""A2_V2_사림_세력의_성장"": 1, ""A3_V3_왜란과_호란의_극복"": 4, ""A4_VI1_붕당_정치와_탕평책"": 0}","{""B1_V1_건국"": 0, ""B2_V1_조선의_통치_제도"": 0, ""B3_V1_15세기_민족_문화의_발달"": 0, ""B4_V2_사림_세력의_성장"": 1, ""B5_V3_왜란과_호란의_극복"": 4, ""B6_VI1_붕당_정치와_탕평책"": 0}"
김시민,10,5,A3_V3_왜란과_호란의_극복,0.8,2,B5_V3_왜란과_호란의_극복,0.8,2,"{""A1_V1_조선의_성립"": 0, ""A2_V2_사림_세력의_성장"": 2, ""A3_V3_왜란과_호란의_극복"": 8, ""A4_VI1_붕당_정치와_탕평책"": 0}","{""B1_V1_건국"": 0, ""B2_V1_조선의_통치_제도"": 0, ""B3_V1_15세기_민족_문화의_발달"": 0, ""B4_V2_사림_세력의_성장"": 2, ""B5_V3_왜란과_호란의_극복"": 8, ""B6_VI1_붕당_정치와_탕평책"": 0}"
진주,10,5,A3_V3_왜란과_호란의_극복,0.8,2,B5_V3_왜란과_호란의_극복,0.8,2,"{""A1_V1_조선의_성립"": 0, ""A2_V2_사림_세력의_성장"": 2, ""A3_V3_왜란과_호란의_극복"": 8, ""A4_VI1_붕당_정치와_탕평책"": 0}","{""B1_V1_건국"": 0, ""B2_V1_조선의_통치_제도"": 0, ""B3_V1_15세기_민족_문화의_발달"": 0, ""B4_V2_사림_세력의_성장"": 2, ""B5_V3_왜란과_호란의_극복"": 8, ""B6_VI1_붕당_정치와_탕평책"": 0}"
권율,10,5,A3_V3_왜란과_호란의_극복,0.8,2,B5_V3_왜란과_호란의_극복,0.8,2,"{""A1_V1_조선의_성립"": 0, ""A2_V2_사림_세력의_성장"": 2, ""A3_V3_왜란과_호란의_극복"": 8, ""A4_VI1_붕당_정치와_탕평책"": 0}","{""B1_V1_건국"": 0, ""B2_V1_조선의_통치_제도"": 0, ""B3_V1_15세기_민족_문화의_발달"": 0, ""B4_V2_사림_세력의_성장"": 2, ""B5_V3_왜란과_호란의_극복"": 8, ""B6_VI1_붕당_정치와_탕평책"": 0}"
행주 산성,5,5,A3_V3_왜란과_호란의_극복,0.8,2,B5_V3_왜란과_호란의_극복,0.8,2,"{""A1_V1_조선의_성립"": 0, ""A2_V2_사림_세력의_성장"": 1, ""A3_V3_왜란과_호란의_극복"": 4, ""A4_VI1_붕당_정치와_탕평책"": 0}","{""B1_V1_건국"": 0, ""B2_V1_조선의_통치_제도"": 0, ""B3_V1_15세기_민족_문화의_발달"": 0, ""B4_V2_사림_세력의_성장"": 1, ""B5_V3_왜란과_호란의_극복"": 4, ""B6_VI1_붕당_정치와_탕평책"": 0}"
왜군,10,5,A3_V3_왜란과_호란의_극복,0.8,2,B5_V3_왜란과_호란의_극복,0.8,2,"{""A1_V1_조선의_성립"": 0, ""A2_V2_사림_세력의_성장"": 2, ""A3_V3_왜란과_호란의_극복"": 8, ""A4_VI1_붕당_정치와_탕평책"": 0}","{""B1_V1_건국"": 0, ""B2_V1_조선의_통치_제도"": 0, ""B3_V1_15세기_민족_문화의_발달"": 0, ""B4_V2_사림_세력의_성장"": 2, ""B5_V3_왜란과_호란의_극복"": 8, ""B6_VI1_붕당_정치와_탕평책"": 0}"
정유재란,10,5,A3_V3_왜란과_호란의_극복,0.8,2,B5_V3_왜란과_호란의_극복,0.8,2,"{""A1_V1_조선의_성립"": 0, ""A2_V2_사림_세력의_성장"": 2, ""A3_V3_왜란과_호란의_극복"": 8, ""A4_VI1_붕당_정치와_탕평책"": 0}","{""B1_V1_건국"": 0, ""B2_V1_조선의_통치_제도"": 0, ""B3_V1_15세기_민족_문화의_발달"": 0, ""B4_V2_사림_세력의_성장"": 2, ""B5_V3_왜란과_호란의_극복"": 8, ""B6_VI1_붕당_정치와_탕평책"": 0}"
충과 효,5,5,A3_V3_왜란과_호란의_극복,0.8,2,B5_V3_왜란과_호란의_극복,0.8,2,"{""A1_V1_조선의_성립"": 0, ""A2_V2_사림_세력의_성장"": 1, ""A3_V3_왜란과_호란의_극복"": 4, ""A4_VI1_붕당_정치와_탕평책"": 0}","{""B1_V1_건국"": 0, ""B2_V1_조선의_통치_제도"": 0, ""B3_V1_15세기_민족_문화의_발달"": 0, ""B4_V2_사림_세력의_성장"": 1, ""B5_V3_왜란과_호란의_극복"": 4, ""B6_VI1_붕당_정치와_탕평책"": 0}"
성리학 윤리 교과서,5,5,A3_V3_왜란과_호란의_극복,0.8,2,B5_V3_왜란과_호란의_극복,0.8,2,"{""A1_V1_조선의_성립"": 0, ""A2_V2_사림_세력의_성장"": 1, ""A3_V3_왜란과_호란의_극복"": 4, ""A4_VI1_붕당_정치와_탕평책"": 0}","{""B1_V1_건국"": 0, ""B2_V1_조선의_통치_제도"": 0, ""B3_V1_15세기_민족_문화의_발달"": 0, ""B4_V2_사림_세력의_성장"": 1, ""B5_V3_왜란과_호란의_극복"": 4, ""B6_VI1_붕당_정치와_탕평책"": 0}"
국가,5,5,A3_V3_왜란과_호란의_극복,0.8,2,B5_V3_왜란과_호란의_극복,0.8,2,"{""A1_V1_조선의_성립"": 0, ""A2_V2_사림_세력의_성장"": 1, ""A3_V3_왜란과_호란의_극복"": 4, ""A4_VI1_붕당_정치와_탕평책"": 0}","{""B1_V1_건국"": 0, ""B2_V1_조선의_통치_제도"": 0, ""B3_V1_15세기_민족_문화의_발달"": 0, ""B4_V2_사림_세력의_성장"": 1, ""B5_V3_왜란과_호란의_극복"": 4, ""B6_VI1_붕당_정치와_탕평책"": 0}"
국방력,5,5,A3_V3_왜란과_호란의_극복,0.8,2,B5_V3_왜란과_호란의_극복,0.8,2,"{""A1_V1_조선의_성립"": 0, ""A2_V2_사림_세력의_성장"": 1, ""A3_V3_왜란과_호란의_극복"": 4, ""A4_VI1_붕당_정치와_탕평책"": 0}","{""B1_V1_건국"": 0, ""B2_V1_조선의_통치_제도"": 0, ""B3_V1_15세기_민족_문화의_발달"": 0, ""B4_V2_사림_세력의_성장"": 1, ""B5_V3_왜란과_호란의_극복"": 4, ""B6_VI1_붕당_정치와_탕평책"": 0}"
동아시아 국제 정세,5,5,A3_V3_왜란과_호란의_극복,0.8,2,B5_V3_왜란과_호란의_극복,0.8,2,"{""A1_V1_조선의_성립"": 0, ""A2_V2_사림_세력의_성장"": 1, ""A3_V3_왜란과_호란의_극복"": 4, ""A4_VI1_붕당_정치와_탕평책"": 0}","{""B1_V1_건국"": 0, ""B2_V1_조선의_통치_제도"": 0, ""B3_V1_15세기_민족_문화의_발달"": 0, ""B4_V2_사림_세력의_성장"": 1, ""B5_V3_왜란과_호란의_극복"": 4, ""B6_VI1_붕당_정치와_탕평책"": 0}"
중국,5,5,A3_V3_왜란과_호란의_극복,0.8,2,B5_V3_왜란과_호란의_극복,0.8,2,"{""A1_V1_조선의_성립"": 0, ""A2_V2_사림_세력의_성장"": 1, ""A3_V3_왜란과_호란의_극복"": 4, ""A4_VI1_붕당_정치와_탕평책"": 0}","{""B1_V1_건국"": 0, ""B2_V1_조선의_통치_제도"": 0, ""B3_V1_15세기_민족_문화의_발달"": 0, ""B4_V2_사림_세력의_성장"": 1, ""B5_V3_왜란과_호란의_극복"": 4, ""B6_VI1_붕당_정치와_탕평책"": 0}"
명나라,5,5,A3_V3_왜란과_호란의_극복,0.8,2,B5_V3_왜란과_호란의_극복,0.8,2,"{""A1_V1_조선의_성립"": 0, ""A2_V2_사림_세력의_성장"": 1, ""A3_V3_왜란과_호란의_극복"": 4, ""A4_VI1_붕당_정치와_탕평책"": 0}","{""B1_V1_건국"": 0, ""B2_V1_조선의_통치_제도"": 0, ""B3_V1_15세기_민족_문화의_발달"": 0, ""B4_V2_사림_세력의_성장"": 1, ""B5_V3_왜란과_호란의_극복"": 4, ""B6_VI1_붕당_정치와_탕평책"": 0}"
명나라 원군,5,5,A3_V3_왜란과_호란의_극복,0.8,2,B5_V3_왜란과_호란의_극복,0.8,2,"{""A1_V1_조선의_성립"": 0, ""A2_V2_사림_세력의_성장"": 1, ""A3_V3_왜란과_호란의_극복"": 4, ""A4_VI1_붕당_정치와_탕평책"": 0}","{""B1_V1_건국"": 0, ""B2_V1_조선의_통치_제도"": 0, ""B3_V1_15세기_민족_문화의_발달"": 0, ""B4_V2_사림_세력의_성장"": 1, ""B5_V3_왜란과_호란의_극복"": 4, ""B6_VI1_붕당_정치와_탕평책"": 0}"
군사,5,5,A3_V3_왜란과_호란의_극복,0.8,2,B5_V3_왜란과_호란의_극복,0.8,2,"{""A1_V1_조선의_성립"": 0, ""A2_V2_사림_세력의_성장"": 1, ""A3_V3_왜란과_호란의_극복"": 4, ""A4_VI1_붕당_정치와_탕평책"": 0}","{""B1_V1_건국"": 0, ""B2_V1_조선의_통치_제도"": 0, ""B3_V1_15세기_민족_문화의_발달"": 0, ""B4_V2_사림_세력의_성장"": 1, ""B5_V3_왜란과_호란의_극복"": 4, ""B6_VI1_붕당_정치와_탕평책"": 0}"
향토 방위,5,5,A3_V3_왜란과_호란의_극복,0.8,2,B5_V3_왜란과_호란의_극복,0.8,2,"{""A1_V1_조선의_성립"": 0, ""A2_V2_사림_세력의_성장"": 1, ""A3_V3_왜란과_호란의_극복"": 4, ""A4_VI1_붕당_정치와_탕평책"": 0}","{""B1_V1_건국"": 0, ""B2_V1_조선의_통치_제도"": 0, ""B3_V1_15세기_민족_문화의_발달"": 0, ""B4_V2_사림_세력의_성장"": 1, ""B5_V3_왜란과_호란의_극복"": 4, ""B6_VI1_붕당_정치와_탕평책"": 0}"
병력,5,5,A3_V3_왜란과_호란의_극복,0.8,2,B5_V3_왜란과_호란의_극복,0.8,2,"{""A1_V1_조선의_성립"": 0, ""A2_V2_사림_세력의_성장"": 1, ""A3_V3_왜란과_호란의_극복"": 4, ""A4_VI1_붕당_정치와_탕평책"": 0}","{""B1_V1_건국"": 0, ""B2_V1_조선의_통치_제도"": 0, ""B3_V1_15세기_민족_문화의_발달"": 0, ""B4_V2_사림_세력의_성장"": 1, ""B5_V3_왜란과_호란의_극복"": 4, ""B6_VI1_붕당_정치와_탕평책"": 0}"
포르투갈,5,5,A3_V3_왜란과_호란의_극복,0.8,2,B5_V3_왜란과_호란의_극복,0.8,2,"{""A1_V1_조선의_성립"": 0, ""A2_V2_사림_세력의_성장"": 1, ""A3_V3_왜란과_호란의_극복"": 4, ""A4_VI1_붕당_정치와_탕평책"": 0}","{""B1_V1_건국"": 0, ""B2_V1_조선의_통치_제도"": 0, ""B3_V1_15세기_민족_문화의_발달"": 0, ""B4_V2_사림_세력의_성장"": 1, ""B5_V3_왜란과_호란의_극복"": 4, ""B6_VI1_붕당_정치와_탕평책"": 0}"
철포,5,5,A3_V3_왜란과_호란의_극복,0.8,2,B5_V3_왜란과_호란의_극복,0.8,2,"{""A1_V1_조선의_성립"": 0, ""A2_V2_사림_세력의_성장"": 1, ""A3_V3_왜란과_호란의_극복"": 4, ""A4_VI1_붕당_정치와_탕평책"": 0}","{""B1_V1_건국"": 0, ""B2_V1_조선의_통치_제도"": 0, ""B3_V1_15세기_민족_문화의_발달"": 0, ""B4_V2_사림_세력의_성장"": 1, ""B5_V3_왜란과_호란의_극복"": 4, ""B6_VI1_붕당_정치와_탕평책"": 0}"
누르하치,18,6,A3_V3_왜란과_호란의_극복,1.0,1,B5_V3_왜란과_호란의_극복,1.0,1,"{""A1_V1_조선의_성립"": 0, ""A2_V2_사림_세력의_성장"": 0, ""A3_V3_왜란과_호란의_극복"": 18, ""A4_VI1_붕당_정치와_탕평책"": 0}","{""B1_V1_건국"": 0, ""B2_V1_조선의_통치_제도"": 0, ""B3_V1_15세기_민족_문화의_발달"": 0, ""B4_V2_사림_세력의_성장"": 0, ""B5_V3_왜란과_호란의_극복"": 18, ""B6_VI1_붕당_정치와_탕평책"": 0}"
사명대사 유정,18,6,A3_V3_왜란과_호란의_극복,1.0,1,B5_V3_왜란과_호란의_극복,1.0,1,"{""A1_V1_조선의_성립"": 0, ""A2_V2_사림_세력의_성장"": 0, ""A3_V3_왜란과_호란의_극복"": 18, ""A4_VI1_붕당_정치와_탕평책"": 0}","{""B1_V1_건국"": 0, ""B2_V1_조선의_통치_제도"": 0, ""B3_V1_15세기_민족_문화의_발달"": 0, ""B4_V2_사림_세력의_성장"": 0, ""B5_V3_왜란과_호란의_극복"": 18, ""B6_VI1_붕당_정치와_탕평책"": 0}"
도쿠가와 막부,6,6,A3_V3_왜란과_호란의_극복,1.0,1,B5_V3_왜란과_호란의_극복,1.0,1,"{""A1_V1_조선의_성립"": 0, ""A2_V2_사림_세력의_성장"": 0, ""A3_V3_왜란과_호란의_극복"": 6, ""A4_VI1_붕당_정치와_탕평책"": 0}","{""B1_V1_건국"": 0, ""B2_V1_조선의_통치_제도"": 0, ""B3_V1_15세기_민족_문화의_발달"": 0, ""B4_V2_사림_세력의_성장"": 0, ""B5_V3_왜란과_호란의_극복"": 6, ""B6_VI1_붕당_정치와_탕평책"": 0}"
통신사,6,6,A3_V3_왜란과_호란의_극복,1.0,1,B5_V3_왜란과_호란의_극복,1.0,1,"{""A1_V1_조선의_성립"": 0, ""A2_V2_사림_세력의_성장"": 0, ""A3_V3_왜란과_호란의_극복"": 6, ""A4_VI1_붕당_정치와_탕평책"": 0}","{""B1_V1_건국"": 0, ""B2_V1_조선의_통치_제도"": 0, ""B3_V1_15세기_민족_문화의_발달"": 0, ""B4_V2_사림_세력의_성장"": 0, ""B5_V3_왜란과_호란의_극복"": 6, ""B6_VI1_붕당_정치와_탕평책"": 0}"
경상도 해안 지방,18,6,A3_V3_왜란과_호란의_극복,1.0,1,B5_V3_왜란과_호란의_극복,1.0,1,"{""A1_V1_조선의_성립"": 0, ""A2_V2_사림_세력의_성장"": 0, ""A3_V3_왜란과_호란의_극복"": 18, ""A4_VI1_붕당_정치와_탕평책"": 0}","{""B1_V1_건국"": 0, ""B2_V1_조선의_통치_제도"": 0, ""B3_V1_15세기_민족_문화의_발달"": 0, ""B4_V2_사림_세력의_성장"": 0, ""B5_V3_왜란과_호란의_극복"": 18, ""B6_VI1_붕당_정치와_탕평책"": 0}"
조선인 포로,12,6,A3_V3_왜란과_호란의_극복,1.0,1,B5_V3_왜란과_호란의_극복,1.0,1,"{""A1_V1_조선의_성립"": 0, ""A2_V2_사림_세력의_성장"": 0, ""A3_V3_왜란과_호란의_극복"": 12, ""A4_VI1_붕당_정치와_탕평책"": 0}","{""B1_V1_건국"": 0, ""B2_V1_조선의_통치_제도"": 0, ""B3_V1_15세기_민족_문화의_발달"": 0, ""B4_V2_사림_세력의_성장"": 0, ""B5_V3_왜란과_호란의_극복"": 12, ""B6_VI1_붕당_정치와_탕평책"": 0}"
불국사,18,6,A3_V3_왜란과_호란의_극복,1.0,1,B5_V3_왜란과_호란의_극복,1.0,1,"{""A1_V1_조선의_성립"": 0, ""A2_V2_사림_세력의_성장"": 0, ""A3_V3_왜란과_호란의_극복"": 18, ""A4_VI1_붕당_정치와_탕평책"": 0}","{""B1_V1_건국"": 0, ""B2_V1_조선의_통치_제도"": 0, ""B3_V1_15세기_민족_문화의_발달"": 0, ""B4_V2_사림_세력의_성장"": 0, ""B5_V3_왜란과_호란의_극복"": 18, ""B6_VI1_붕당_정치와_탕평책"": 0}"
사고,18,6,A3_V3_왜란과_호란의_극복,1.0,1,B5_V3_왜란과_호란의_극복,1.0,1,"{""A1_V1_조선의_성립"": 0, ""A2_V2_사림_세력의_성장"": 0, ""A3_V3_왜란과_호란의_극복"": 18, ""A4_VI1_붕당_정치와_탕평책"": 0}","{""B1_V1_건국"": 0, ""B2_V1_조선의_통치_제도"": 0, ""B3_V1_15세기_민족_문화의_발달"": 0, ""B4_V2_사림_세력의_성장"": 0, ""B5_V3_왜란과_호란의_극복"": 18, ""B6_VI1_붕당_정치와_탕평책"": 0}"
광해군,18,6,A3_V3_왜란과_호란의_극복,1.0,1,B5_V3_왜란과_호란의_극복,1.0,1,"{""A1_V1_조선의_성립"": 0, ""A2_V2_사림_세력의_성장"": 0, ""A3_V3_왜란과_호란의_극복"": 18, ""A4_VI1_붕당_정치와_탕평책"": 0}","{""B1_V1_건국"": 0, ""B2_V1_조선의_통치_제도"": 0, ""B3_V1_15세기_민족_문화의_발달"": 0, ""B4_V2_사림_세력의_성장"": 0, ""B5_V3_왜란과_호란의_극복"": 18, ""B6_VI1_붕당_정치와_탕평책"": 0}"
에도(도쿄),18,6,A3_V3_왜란과_호란의_극복,1.0,1,B5_V3_왜란과_호란의_극복,1.0,1,"{""A1_V1_조선의_성립"": 0, ""A2_V2_사림_세력의_성장"": 0, ""A3_V3_왜란과_호란의_극복"": 18, ""A4_VI1_붕당_정치와_탕평책"": 0}","{""B1_V1_건국"": 0, ""B2_V1_조선의_통치_제도"": 0, ""B3_V1_15세기_민족_문화의_발달"": 0, ""B4_V2_사림_세력의_성장"": 0, ""B5_V3_왜란과_호란의_극복"": 18, ""B6_VI1_붕당_정치와_탕평책"": 0}"
허준,4,4,A3_V3_왜란과_호란의_극복,1.0,1,B5_V3_왜란과_호란의_극복,1.0,1,"{""A1_V1_조선의_성립"": 0, ""A2_V2_사림_세력의_성장"": 0, ""A3_V3_왜란과_호란의_극복"": 4, ""A4_VI1_붕당_정치와_탕평책"": 0}","{""B1_V1_건국"": 0, ""B2_V1_조선의_통치_제도"": 0, ""B3_V1_15세기_민족_문화의_발달"": 0, ""B4_V2_사림_세력의_성장"": 0, ""B5_V3_왜란과_호란의_극복"": 4, ""B6_VI1_붕당_정치와_탕평책"": 0}"
동의보감,4,4,A3_V3_왜란과_호란의_극복,1.0,1,B5_V3_왜란과_호란의_극복,1.0,1,"{""A1_V1_조선의_성립"": 0, ""A2_V2_사림_세력의_성장"": 0, ""A3_V3_왜란과_호란의_극복"": 4, ""A4_VI1_붕당_정치와_탕평책"": 0}","{""B1_V1_건국"": 0, ""B2_V1_조선의_통치_제도"": 0, ""B3_V1_15세기_민족_문화의_발달"": 0, ""B4_V2_사림_세력의_성장"": 0, ""B5_V3_왜란과_호란의_극복"": 4, ""B6_VI1_붕당_정치와_탕평책"": 0}"
후금,4,4,A3_V3_왜란과_호란의_극복,1.0,1,B5_V3_왜란과_호란의_극복,1.0,1,"{""A1_V1_조선의_성립"": 0, ""A2_V2_사림_세력의_성장"": 0, ""A3_V3_왜란과_호란의_극복"": 4, ""A4_VI1_붕당_정치와_탕평책"": 0}","{""B1_V1_건국"": 0, ""B2_V1_조선의_통치_제도"": 0, ""B3_V1_15세기_민족_문화의_발달"": 0, ""B4_V2_사림_세력의_성장"": 0, ""B5_V3_왜란과_호란의_극복"": 4, ""B6_VI1_붕당_정치와_탕평책"": 0}"
청,4,4,A3_V3_왜란과_호란의_극복,1.0,1,B5_V3_왜란과_호란의_극복,1.0,1,"{""A1_V1_조선의_성립"": 0, ""A2_V2_사림_세력의_성장"": 0, ""A3_V3_왜란과_호란의_극복"": 4, ""A4_VI1_붕당_정치와_탕평책"": 0}","{""B1_V1_건국"": 0, ""B2_V1_조선의_통치_제도"": 0, ""B3_V1_15세기_민족_문화의_발달"": 0, ""B4_V2_사림_세력의_성장"": 0, ""B5_V3_왜란과_호란의_극복"": 4, ""B6_VI1_붕당_정치와_탕평책"": 0}"
강홍립,4,4,A3_V3_왜란과_호란의_극복,1.0,1,B5_V3_왜란과_호란의_극복,1.0,1,"{""A1_V1_조선의_성립"": 0, ""A2_V2_사림_세력의_성장"": 0, ""A3_V3_왜란과_호란의_극복"": 4, ""A4_VI1_붕당_정치와_탕평책"": 0}","{""B1_V1_건국"": 0, ""B2_V1_조선의_통치_제도"": 0, ""B3_V1_15세기_민족_문화의_발달"": 0, ""B4_V2_사림_세력의_성장"": 0, ""B5_V3_왜란과_호란의_극복"": 4, ""B6_VI1_붕당_정치와_탕평책"": 0}"
인조,4,4,A3_V3_왜란과_호란의_극복,1.0,1,B5_V3_왜란과_호란의_극복,1.0,1,"{""A1_V1_조선의_성립"": 0, ""A2_V2_사림_세력의_성장"": 0, ""A3_V3_왜란과_호란의_극복"": 4, ""A4_VI1_붕당_정치와_탕평책"": 0}","{""B1_V1_건국"": 0, ""B2_V1_조선의_통치_제도"": 0, ""B3_V1_15세기_민족_문화의_발달"": 0, ""B4_V2_사림_세력의_성장"": 0, ""B5_V3_왜란과_호란의_극복"": 4, ""B6_VI1_붕당_정치와_탕평책"": 0}"
이괄,4,4,A3_V3_왜란과_호란의_극복,1.0,1,B5_V3_왜란과_호란의_극복,1.0,1,"{""A1_V1_조선의_성립"": 0, ""A2_V2_사림_세력의_성장"": 0, ""A3_V3_왜란과_호란의_극복"": 4, ""A4_VI1_붕당_정치와_탕평책"": 0}","{""B1_V1_건국"": 0, ""B2_V1_조선의_통치_제도"": 0, ""B3_V1_15세기_민족_문화의_발달"": 0, ""B4_V2_사림_세력의_성장"": 0, ""B5_V3_왜란과_호란의_극복"": 4, ""B6_VI1_붕당_정치와_탕평책"": 0}"
병자호란,4,4,A3_V3_왜란과_호란의_극복,1.0,1,B5_V3_왜란과_호란의_극복,1.0,1,"{""A1_V1_조선의_성립"": 0, ""A2_V2_사림_세력의_성장"": 0, ""A3_V3_왜란과_호란의_극복"": 4, ""A4_VI1_붕당_정치와_탕평책"": 0}","{""B1_V1_건국"": 0, ""B2_V1_조선의_통치_제도"": 0, ""B3_V1_15세기_민족_문화의_발달"": 0, ""B4_V2_사림_세력의_성장"": 0, ""B5_V3_왜란과_호란의_극복"": 4, ""B6_VI1_붕당_정치와_탕평책"": 0}"
정묘호란,4,4,A3_V3_왜란과_호란의_극복,1.0,1,B5_V3_왜란과_호란의_극복,1.0,1,"{""A1_V1_조선의_성립"": 0, ""A2_V2_사림_세력의_성장"": 0, ""A3_V3_왜란과_호란의_극복"": 4, ""A4_VI1_붕당_정치와_탕평책"": 0}","{""B1_V1_건국"": 0, ""B2_V1_조선의_통치_제도"": 0, ""B3_V1_15세기_민족_문화의_발달"": 0, ""B4_V2_사림_세력의_성장"": 0, ""B5_V3_왜란과_호란의_극복"": 4, ""B6_VI1_붕당_정치와_탕평책"": 0}"
효종,4,4,A3_V3_왜란과_호란의_극복,1.0,1,B5_V3_왜란과_호란의_극복,1.0,1,"{""A1_V1_조선의_성립"": 0, ""A2_V2_사림_세력의_성장"": 0, ""A3_V3_왜란과_호란의_극복"": 4, ""A4_VI1_붕당_정치와_탕평책"": 0}","{""B1_V1_건국"": 0, ""B2_V1_조선의_통치_제도"": 0, ""B3_V1_15세기_민족_문화의_발달"": 0, ""B4_V2_사림_세력의_성장"": 0, ""B5_V3_왜란과_호란의_극복"": 4, ""B6_VI1_붕당_정치와_탕평책"": 0}"
북벌 운동,4,4,A3_V3_왜란과_호란의_극복,1.0,1,B5_V3_왜란과_호란의_극복,1.0,1,"{""A1_V1_조선의_성립"": 0, ""A2_V2_사림_세력의_성장"": 0, ""A3_V3_왜란과_호란의_극복"": 4, ""A4_VI1_붕당_정치와_탕평책"": 0}","{""B1_V1_건국"": 0, ""B2_V1_조선의_통치_제도"": 0, ""B3_V1_15세기_민족_문화의_발달"": 0, ""B4_V2_사림_세력의_성장"": 0, ""B5_V3_왜란과_호란의_극복"": 4, ""B6_VI1_붕당_정치와_탕평책"": 0}"
송시열,4,4,A3_V3_왜란과_호란의_극복,1.0,1,B5_V3_왜란과_호란의_극복,1.0,1,"{""A1_V1_조선의_성립"": 0, ""A2_V2_사림_세력의_성장"": 0, ""A3_V3_왜란과_호란의_극복"": 4, ""A4_VI1_붕당_정치와_탕평책"": 0}","{""B1_V1_건국"": 0, ""B2_V1_조선의_통치_제도"": 0, ""B3_V1_15세기_민족_문화의_발달"": 0, ""B4_V2_사림_세력의_성장"": 0, ""B5_V3_왜란과_호란의_극복"": 4, ""B6_VI1_붕당_정치와_탕평책"": 0}"
이완,4,4,A3_V3_왜란과_호란의_극복,1.0,1,B5_V3_왜란과_호란의_극복,1.0,1,"{""A1_V1_조선의_성립"": 0, ""A2_V2_사림_세력의_성장"": 0, ""A3_V3_왜란과_호란의_극복"": 4, ""A4_VI1_붕당_정치와_탕평책"": 0}","{""B1_V1_건국"": 0, ""B2_V1_조선의_통치_제도"": 0, ""B3_V1_15세기_민족_문화의_발달"": 0, ""B4_V2_사림_세력의_성장"": 0, ""B5_V3_왜란과_호란의_극복"": 4, ""B6_VI1_붕당_정치와_탕평책"": 0}"
남한산성,4,4,A3_V3_왜란과_호란의_극복,1.0,1,B5_V3_왜란과_호란의_극복,1.0,1,"{""A1_V1_조선의_성립"": 0, ""A2_V2_사림_세력의_성장"": 0, ""A3_V3_왜란과_호란의_극복"": 4, ""A4_VI1_붕당_정치와_탕평책"": 0}","{""B1_V1_건국"": 0, ""B2_V1_조선의_통치_제도"": 0, ""B3_V1_15세기_민족_문화의_발달"": 0, ""B4_V2_사림_세력의_성장"": 0, ""B5_V3_왜란과_호란의_극복"": 4, ""B6_VI1_붕당_정치와_탕평책"": 0}"
북한산성,4,4,A3_V3_왜란과_호란의_극복,1.0,1,B5_V3_왜란과_호란의_극복,1.0,1,"{""A1_V1_조선의_성립"": 0, ""A2_V2_사림_세력의_성장"": 0, ""A3_V3_왜란과_호란의_극복"": 4, ""A4_VI1_붕당_정치와_탕평책"": 0}","{""B1_V1_건국"": 0, ""B2_V1_조선의_통치_제도"": 0, ""B3_V1_15세기_민족_문화의_발달"": 0, ""B4_V2_사림_세력의_성장"": 0, ""B5_V3_왜란과_호란의_극복"": 4, ""B6_VI1_붕당_정치와_탕평책"": 0}"
러시아,4,4,A3_V3_왜란과_호란의_극복,1.0,1,B5_V3_왜란과_호란의_극복,1.0,1,"{""A1_V1_조선의_성립"": 0, ""A2_V2_사림_세력의_성장"": 0, ""A3_V3_왜란과_호란의_극복"": 4, ""A4_VI1_붕당_정치와_탕평책"": 0}","{""B1_V1_건국"": 0, ""B2_V1_조선의_통치_제도"": 0, ""B3_V1_15세기_민족_문화의_발달"": 0, ""B4_V2_사림_세력의_성장"": 0, ""B5_V3_왜란과_호란의_극복"": 4, ""B6_VI1_붕당_정치와_탕평책"": 0}"
영창 대군,4,4,A3_V3_왜란과_호란의_극복,1.0,1,B5_V3_왜란과_호란의_극복,1.0,1,"{""A1_V1_조선의_성립"": 0, ""A2_V2_사림_세력의_성장"": 0, ""A3_V3_왜란과_호란의_극복"": 4, ""A4_VI1_붕당_정치와_탕평책"": 0}","{""B1_V1_건국"": 0, ""B2_V1_조선의_통치_제도"": 0, ""B3_V1_15세기_민족_문화의_발달"": 0, ""B4_V2_사림_세력의_성장"": 0, ""B5_V3_왜란과_호란의_극복"": 4, ""B6_VI1_붕당_정치와_탕평책"": 0}"
조총 부대,8,8,A4_VI1_붕당_정치와_탕평책,0.875,2,B6_VI1_붕당_정치와_탕평책,0.875,2,"{""A1_V1_조선의_성립"": 0, ""A2_V2_사림_세력의_성장"": 0, ""A3_V3_왜란과_호란의_극복"": 1, ""A4_VI1_붕당_정치와_탕평책"": 7}","{""B1_V1_건국"": 0, ""B2_V1_조선의_통치_제도"": 0, ""B3_V1_15세기_민족_문화의_발달"": 0, ""B4_V2_사림_세력의_성장"": 0, ""B5_V3_왜란과_호란의_극복"": 1, ""B6_VI1_붕당_정치와_탕평책"": 7}"
나선 정벌,8,8,A4_VI1_붕당_정치와_탕평책,0.875,2,B6_VI1_붕당_정치와_탕평책,0.875,2,"{""A1_V1_조선의_성립"": 0, ""A2_V2_사림_세력의_성장"": 0, ""A3_V3_왜란과_호란의_극복"": 1, ""A4_VI1_붕당_정치와_탕평책"": 7}","{""B1_V1_건국"": 0, ""B2_V1_조선의_통치_제도"": 0, ""B3_V1_15세기_민족_문화의_발달"": 0, ""B4_V2_사림_세력의_성장"": 0, ""B5_V3_왜란과_호란의_극복"": 1, ""B6_VI1_붕당_정치와_탕평책"": 7}"
붕당 정치,8,8,A4_VI1_붕당_정치와_탕평책,0.875,2,B6_VI1_붕당_정치와_탕평책,0.875,2,"{""A1_V1_조선의_성립"": 0, ""A2_V2_사림_세력의_성장"": 0, ""A3_V3_왜란과_호란의_극복"": 1, ""A4_VI1_붕당_정치와_탕평책"": 7}","{""B1_V1_건국"": 0, ""B2_V1_조선의_통치_제도"": 0, ""B3_V1_15세기_민족_문화의_발달"": 0, ""B4_V2_사림_세력의_성장"": 0, ""B5_V3_왜란과_호란의_극복"": 1, ""B6_VI1_붕당_정치와_탕평책"": 7}"
삼사 관리,8,8,A4_VI1_붕당_정치와_탕평책,0.875,2,B6_VI1_붕당_정치와_탕평책,0.875,2,"{""A1_V1_조선의_성립"": 0, ""A2_V2_사림_세력의_성장"": 0, ""A3_V3_왜란과_호란의_극복"": 1, ""A4_VI1_붕당_정치와_탕평책"": 7}","{""B1_V1_건국"": 0, ""B2_V1_조선의_통치_제도"": 0, ""B3_V1_15세기_민족_문화의_발달"": 0, ""B4_V2_사림_세력의_성장"": 0, ""B5_V3_왜란과_호란의_극복"": 1, ""B6_VI1_붕당_정치와_탕평책"": 7}"
북인,8,8,A4_VI1_붕당_정치와_탕평책,0.875,2,B6_VI1_붕당_정치와_탕평책,0.875,2,"{""A1_V1_조선의_성립"": 0, ""A2_V2_사림_세력의_성장"": 0, ""A3_V3_왜란과_호란의_극복"": 1, ""A4_VI1_붕당_정치와_탕평책"": 7}","{""B1_V1_건국"": 0, ""B2_V1_조선의_통치_제도"": 0, ""B3_V1_15세기_민족_문화의_발달"": 0, ""B4_V2_사림_세력의_성장"": 0, ""B5_V3_왜란과_호란의_극복"": 1, ""B6_VI1_붕당_정치와_탕평책"": 7}"
남인,8,8,A4_VI1_붕당_정치와_탕평책,0.875,2,B6_VI1_붕당_정치와_탕평책,0.875,2,"{""A1_V1_조선의_성립"": 0, ""A2_V2_사림_세력의_성장"": 0, ""A3_V3_왜란과_호란의_극복"": 1, ""A4_VI1_붕당_정치와_탕평책"": 7}","{""B1_V1_건국"": 0, ""B2_V1_조선의_통치_제도"": 0, ""B3_V1_15세기_민족_문화의_발달"": 0, ""B4_V2_사림_세력의_성장"": 0, ""B5_V3_왜란과_호란의_극복"": 1, ""B6_VI1_붕당_정치와_탕평책"": 7}"
비변사,8,8,A4_VI1_붕당_정치와_탕평책,0.875,2,B6_VI1_붕당_정치와_탕평책,0.875,2,"{""A1_V1_조선의_성립"": 0, ""A2_V2_사림_세력의_성장"": 0, ""A3_V3_왜란과_호란의_극복"": 1, ""A4_VI1_붕당_정치와_탕평책"": 7}","{""B1_V1_건국"": 0, ""B2_V1_조선의_통치_제도"": 0, ""B3_V1_15세기_민족_문화의_발달"": 0, ""B4_V2_사림_세력의_성장"": 0, ""B5_V3_왜란과_호란의_극복"": 1, ""B6_VI1_붕당_정치와_탕평책"": 7}"
현종,8,8,A4_VI1_붕당_정치와_탕평책,0.875,2,B6_VI1_붕당_정치와_탕평책,0.875,2,"{""A1_V1_조선의_성립"": 0, ""A2_V2_사림_세력의_성장"": 0, ""A3_V3_왜란과_호란의_극복"": 1, ""A4_VI1_붕당_정치와_탕평책"": 7}","{""B1_V1_건국"": 0, ""B2_V1_조선의_통치_제도"": 0, ""B3_V1_15세기_민족_문화의_발달"": 0, ""B4_V2_사림_세력의_성장"": 0, ""B5_V3_왜란과_호란의_극복"": 1, ""B6_VI1_붕당_정치와_탕평책"": 7}"
예송,8,8,A4_VI1_붕당_정치와_탕평책,0.875,2,B6_VI1_붕당_정치와_탕평책,0.875,2,"{""A1_V1_조선의_성립"": 0, ""A2_V2_사림_세력의_성장"": 0, ""A3_V3_왜란과_호란의_극복"": 1, ""A4_VI1_붕당_정치와_탕평책"": 7}","{""B1_V1_건국"": 0, ""B2_V1_조선의_통치_제도"": 0, ""B3_V1_15세기_민족_문화의_발달"": 0, ""B4_V2_사림_세력의_성장"": 0, ""B5_V3_왜란과_호란의_극복"": 1, ""B6_VI1_붕당_정치와_탕평책"": 7}"
숙종,8,8,A4_VI1_붕당_정치와_탕평책,0.875,2,B6_VI1_붕당_정치와_탕평책,0.875,2,"{""A1_V1_조선의_성립"": 0, ""A2_V2_사림_세력의_성장"": 0, ""A3_V3_왜란과_호란의_극복"": 1, ""A4_VI1_붕당_정치와_탕평책"": 7}","{""B1_V1_건국"": 0, ""B2_V1_조선의_통치_제도"": 0, ""B3_V1_15세기_민족_문화의_발달"": 0, ""B4_V2_사림_세력의_성장"": 0, ""B5_V3_왜란과_호란의_극복"": 1, ""B6_VI1_붕당_정치와_탕평책"": 7}"
환국,8,8,A4_VI1_붕당_정치와_탕평책,0.875,2,B6_VI1_붕당_정치와_탕평책,0.875,2,"{""A1_V1_조선의_성립"": 0, ""A2_V2_사림_세력의_성장"": 0, ""A3_V3_왜란과_호란의_극복"": 1, ""A4_VI1_붕당_정치와_탕평책"": 7}","{""B1_V1_건국"": 0, ""B2_V1_조선의_통치_제도"": 0, ""B3_V1_15세기_민족_문화의_발달"": 0, ""B4_V2_사림_세력의_성장"": 0, ""B5_V3_왜란과_호란의_극복"": 1, ""B6_VI1_붕당_정치와_탕평책"": 7}"
노론,8,8,A4_VI1_붕당_정치와_탕평책,0.875,2,B6_VI1_붕당_정치와_탕평책,0.875,2,"{""A1_V1_조선의_성립"": 0, ""A2_V2_사림_세력의_성장"": 0, ""A3_V3_왜란과_호란의_극복"": 1, ""A4_VI1_붕당_정치와_탕평책"": 7}","{""B1_V1_건국"": 0, ""B2_V1_조선의_통치_제도"": 0, ""B3_V1_15세기_민족_문화의_발달"": 0, ""B4_V2_사림_세력의_성장"": 0, ""B5_V3_왜란과_호란의_극복"": 1, ""B6_VI1_붕당_정치와_탕평책"": 7}"
소론,8,8,A4_VI1_붕당_정치와_탕평책,0.875,2,B6_VI1_붕당_정치와_탕평책,0.875,2,"{""A1_V1_조선의_성립"": 0, ""A2_V2_사림_세력의_성장"": 0, ""A3_V3_왜란과_호란의_극복"": 1, ""A4_VI1_붕당_정치와_탕평책"": 7}","{""B1_V1_건국"": 0, ""B2_V1_조선의_통치_제도"": 0, ""B3_V1_15세기_민족_문화의_발달"": 0, ""B4_V2_사림_세력의_성장"": 0, ""B5_V3_왜란과_호란의_극복"": 1, ""B6_VI1_붕당_정치와_탕평책"": 7}"
영조,8,8,A4_VI1_붕당_정치와_탕평책,0.875,2,B6_VI1_붕당_정치와_탕평책,0.875,2,"{""A1_V1_조선의_성립"": 0, ""A2_V2_사림_세력의_성장"": 0, ""A3_V3_왜란과_호란의_극복"": 1, ""A4_VI1_붕당_정치와_탕평책"": 7}","{""B1_V1_건국"": 0, ""B2_V1_조선의_통치_제도"": 0, ""B3_V1_15세기_민족_문화의_발달"": 0, ""B4_V2_사림_세력의_성장"": 0, ""B5_V3_왜란과_호란의_극복"": 1, ""B6_VI1_붕당_정치와_탕평책"": 7}"
탕평책,8,8,A4_VI1_붕당_정치와_탕평책,0.875,2,B6_VI1_붕당_정치와_탕평책,0.875,2,"{""A1_V1_조선의_성립"": 0, ""A2_V2_사림_세력의_성장"": 0, ""A3_V3_왜란과_호란의_극복"": 1, ""A4_VI1_붕당_정치와_탕평책"": 7}","{""B1_V1_건국"": 0, ""B2_V1_조선의_통치_제도"": 0, ""B3_V1_15세기_민족_문화의_발달"": 0, ""B4_V2_사림_세력의_성장"": 0, ""B5_V3_왜란과_호란의_극복"": 1, ""B6_VI1_붕당_정치와_탕평책"": 7}"
조식,8,8,A4_VI1_붕당_정치와_탕평책,0.875,2,B6_VI1_붕당_정치와_탕평책,0.875,2,"{""A1_V1_조선의_성립"": 0, ""A2_V2_사림_세력의_성장"": 0, ""A3_V3_왜란과_호란의_극복"": 1, ""A4_VI1_붕당_정치와_탕평책"": 7}","{""B1_V1_건국"": 0, ""B2_V1_조선의_통치_제도"": 0, ""B3_V1_15세기_민족_문화의_발달"": 0, ""B4_V2_사림_세력의_성장"": 0, ""B5_V3_왜란과_호란의_극복"": 1, ""B6_VI1_붕당_정치와_탕평책"": 7}"
중종,8,8,A4_VI1_붕당_정치와_탕평책,0.875,2,B6_VI1_붕당_정치와_탕평책,0.875,2,"{""A1_V1_조선의_성립"": 0, ""A2_V2_사림_세력의_성장"": 0, ""A3_V3_왜란과_호란의_극복"": 1, ""A4_VI1_붕당_정치와_탕평책"": 7}","{""B1_V1_건국"": 0, ""B2_V1_조선의_통치_제도"": 0, ""B3_V1_15세기_민족_문화의_발달"": 0, ""B4_V2_사림_세력의_성장"": 0, ""B5_V3_왜란과_호란의_극복"": 1, ""B6_VI1_붕당_정치와_탕평책"": 7}"
탕평비,4,4,A4_VI1_붕당_정치와_탕평책,1.0,1,B6_VI1_붕당_정치와_탕평책,1.0,1,"{""A1_V1_조선의_성립"": 0, ""A2_V2_사림_세력의_성장"": 0, ""A3_V3_왜란과_호란의_극복"": 0, ""A4_VI1_붕당_정치와_탕평책"": 4}","{""B1_V1_건국"": 0, ""B2_V1_조선의_통치_제도"": 0, ""B3_V1_15세기_민족_문화의_발달"": 0, ""B4_V2_사림_세력의_성장"": 0, ""B5_V3_왜란과_호란의_극복"": 0, ""B6_VI1_붕당_정치와_탕평책"": 4}"
정조,4,4,A4_VI1_붕당_정치와_탕평책,1.0,1,B6_VI1_붕당_정치와_탕평책,1.0,1,"{""A1_V1_조선의_성립"": 0, ""A2_V2_사림_세력의_성장"": 0, ""A3_V3_왜란과_호란의_극복"": 0, ""A4_VI1_붕당_정치와_탕평책"": 4}","{""B1_V1_건국"": 0, ""B2_V1_조선의_통치_제도"": 0, ""B3_V1_15세기_민족_문화의_발달"": 0, ""B4_V2_사림_세력의_성장"": 0, ""B5_V3_왜란과_호란의_극복"": 0, ""B6_VI1_붕당_정치와_탕평책"": 4}"
규장각,4,4,A4_VI1_붕당_정치와_탕평책,1.0,1,B6_VI1_붕당_정치와_탕평책,1.0,1,"{""A1_V1_조선의_성립"": 0, ""A2_V2_사림_세력의_성장"": 0, ""A3_V3_왜란과_호란의_극복"": 0, ""A4_VI1_붕당_정치와_탕평책"": 4}","{""B1_V1_건국"": 0, ""B2_V1_조선의_통치_제도"": 0, ""B3_V1_15세기_민족_문화의_발달"": 0, ""B4_V2_사림_세력의_성장"": 0, ""B5_V3_왜란과_호란의_극복"": 0, ""B6_VI1_붕당_정치와_탕평책"": 4}"
장용영,4,4,A4_VI1_붕당_정치와_탕평책,1.0,1,B6_VI1_붕당_정치와_탕평책,1.0,1,"{""A1_V1_조선의_성립"": 0, ""A2_V2_사림_세력의_성장"": 0, ""A3_V3_왜란과_호란의_극복"": 0, ""A4_VI1_붕당_정치와_탕평책"": 4}","{""B1_V1_건국"": 0, ""B2_V1_조선의_통치_제도"": 0, ""B3_V1_15세기_민족_문화의_발달"": 0, ""B4_V2_사림_세력의_성장"": 0, ""B5_V3_왜란과_호란의_극복"": 0, ""B6_VI1_붕당_정치와_탕평책"": 4}"
수원 화성,4,4,A4_VI1_붕당_정치와_탕평책,1.0,1,B6_VI1_붕당_정치와_탕평책,1.0,1,"{""A1_V1_조선의_성립"": 0, ""A2_V2_사림_세력의_성장"": 0, ""A3_V3_왜란과_호란의_극복"": 0, ""A4_VI1_붕당_정치와_탕평책"": 4}","{""B1_V1_건국"": 0, ""B2_V1_조선의_통치_제도"": 0, ""B3_V1_15세기_민족_문화의_발달"": 0, ""B4_V2_사림_세력의_성장"": 0, ""B5_V3_왜란과_호란의_극복"": 0, ""B6_VI1_붕당_정치와_탕평책"": 4}"
사도 세자,4,4,A4_VI1_붕당_정치와_탕평책,1.0,1,B6_VI1_붕당_정치와_탕평책,1.0,1,"{""A1_V1_조선의_성립"": 0, ""A2_V2_사림_세력의_성장"": 0, ""A3_V3_왜란과_호란의_극복"": 0, ""A4_VI1_붕당_정치와_탕평책"": 4}","{""B1_V1_건국"": 0, ""B2_V1_조선의_통치_제도"": 0, ""B3_V1_15세기_민족_문화의_발달"": 0, ""B4_V2_사림_세력의_성장"": 0, ""B5_V3_왜란과_호란의_극복"": 0, ""B6_VI1_붕당_정치와_탕평책"": 4}"
실학,4,4,A4_VI1_붕당_정치와_탕평책,1.0,1,B6_VI1_붕당_정치와_탕평책,1.0,1,"{""A1_V1_조선의_성립"": 0, ""A2_V2_사림_세력의_성장"": 0, ""A3_V3_왜란과_호란의_극복"": 0, ""A4_VI1_붕당_정치와_탕평책"": 4}","{""B1_V1_건국"": 0, ""B2_V1_조선의_통치_제도"": 0, ""B3_V1_15세기_민족_문화의_발달"": 0, ""B4_V2_사림_세력의_성장"": 0, ""B5_V3_왜란과_호란의_극복"": 0, ""B6_VI1_붕당_정치와_탕평책"": 4}"
속대전,4,4,A4_VI1_붕당_정치와_탕평책,1.0,1,B6_VI1_붕당_정치와_탕평책,1.0,1,"{""A1_V1_조선의_성립"": 0, ""A2_V2_사림_세력의_성장"": 0, ""A3_V3_왜란과_호란의_극복"": 0, ""A4_VI1_붕당_정치와_탕평책"": 4}","{""B1_V1_건국"": 0, ""B2_V1_조선의_통치_제도"": 0, ""B3_V1_15세기_민족_문화의_발달"": 0, ""B4_V2_사림_세력의_성장"": 0, ""B5_V3_왜란과_호란의_극복"": 0, ""B6_VI1_붕당_정치와_탕평책"": 4}"
속오례의,4,4,A4_VI1_붕당_정치와_탕평책,1.0,1,B6_VI1_붕당_정치와_탕평책,1.0,1,"{""A1_V1_조선의_성립"": 0, ""A2_V2_사림_세력의_성장"": 0, ""A3_V3_왜란과_호란의_극복"": 0, ""A4_VI1_붕당_정치와_탕평책"": 4}","{""B1_V1_건국"": 0, ""B2_V1_조선의_통치_제도"": 0, ""B3_V1_15세기_민족_문화의_발달"": 0, ""B4_V2_사림_세력의_성장"": 0, ""B5_V3_왜란과_호란의_극복"": 0, ""B6_VI1_붕당_정치와_탕평책"": 4}"
동국문헌비고,4,4,A4_VI1_붕당_정치와_탕평책,1.0,1,B6_VI1_붕당_정치와_탕평책,1.0,1,"{""A1_V1_조선의_성립"": 0, ""A2_V2_사림_세력의_성장"": 0, ""A3_V3_왜란과_호란의_극복"": 0, ""A4_VI1_붕당_정치와_탕평책"": 4}","{""B1_V1_건국"": 0, ""B2_V1_조선의_통치_제도"": 0, ""B3_V1_15세기_민족_문화의_발달"": 0, ""B4_V2_사림_세력의_성장"": 0, ""B5_V3_왜란과_호란의_극복"": 0, ""B6_VI1_붕당_정치와_탕평책"": 4}"
대전통편,4,4,A4_VI1_붕당_정치와_탕평책,1.0,1,B6_VI1_붕당_정치와_탕평책,1.0,1,"{""A1_V1_조선의_성립"": 0, ""A2_V2_사림_세력의_성장"": 0, ""A3_V3_왜란과_호란의_극복"": 0, ""A4_VI1_붕당_정치와_탕평책"": 4}","{""B1_V1_건국"": 0, ""B2_V1_조선의_통치_제도"": 0, ""B3_V1_15세기_민족_문화의_발달"": 0, ""B4_V2_사림_세력의_성장"": 0, ""B5_V3_왜란과_호란의_극복"": 0, ""B6_VI1_붕당_정치와_탕평책"": 4}"
동문휘고,4,4,A4_VI1_붕당_정치와_탕평책,1.0,1,B6_VI1_붕당_정치와_탕평책,1.0,1,"{""A1_V1_조선의_성립"": 0, ""A2_V2_사림_세력의_성장"": 0, ""A3_V3_왜란과_호란의_극복"": 0, ""A4_VI1_붕당_정치와_탕평책"": 4}","{""B1_V1_건국"": 0, ""B2_V1_조선의_통치_제도"": 0, ""B3_V1_15세기_민족_문화의_발달"": 0, ""B4_V2_사림_세력의_성장"": 0, ""B5_V3_왜란과_호란의_극복"": 0, ""B6_VI1_붕당_정치와_탕평책"": 4}"
탁지지,4,4,A4_VI1_붕당_정치와_탕평책,1.0,1,B6_VI1_붕당_정치와_탕평책,1.0,1,"{""A1_V1_조선의_성립"": 0, ""A2_V2_사림_세력의_성장"": 0, ""A3_V3_왜란과_호란의_극복"": 0, ""A4_VI1_붕당_정치와_탕평책"": 4}","{""B1_V1_건국"": 0, ""B2_V1_조선의_통치_제도"": 0, ""B3_V1_15세기_민족_문화의_발달"": 0, ""B4_V2_사림_세력의_성장"": 0, ""B5_V3_왜란과_호란의_극복"": 0, ""B6_VI1_붕당_정치와_탕평책"": 4}"
규장전운,4,4,A4_VI1_붕당_정치와_탕평책,1.0,1,B6_VI1_붕당_정치와_탕평책,1.0,1,"{""A1_V1_조선의_성립"": 0, ""A2_V2_사림_세력의_성장"": 0, ""A3_V3_왜란과_호란의_극복"": 0, ""A4_VI1_붕당_정치와_탕평책"": 4}","{""B1_V1_건국"": 0, ""B2_V1_조선의_통치_제도"": 0, ""B3_V1_15세기_민족_문화의_발달"": 0, ""B4_V2_사림_세력의_성장"": 0, ""B5_V3_왜란과_호란의_극복"": 0, ""B6_VI1_붕당_정치와_탕평책"": 4}"
산업 진흥,4,4,A4_VI1_붕당_정치와_탕평책,1.0,1,B6_VI1_붕당_정치와_탕평책,1.0,1,"{""A1_V1_조선의_성립"": 0, ""A2_V2_사림_세력의_성장"": 0, ""A3_V3_왜란과_호란의_극복"": 0, ""A4_VI1_붕당_정치와_탕평책"": 4}","{""B1_V1_건국"": 0, ""B2_V1_조선의_통치_제도"": 0, ""B3_V1_15세기_민족_문화의_발달"": 0, ""B4_V2_사림_세력의_성장"": 0, ""B5_V3_왜란과_호란의_극복"": 0, ""B6_VI1_붕당_정치와_탕평책"": 4}"
농업 발전,4,4,A4_VI1_붕당_정치와_탕평책,1.0,1,B6_VI1_붕당_정치와_탕평책,1.0,1,"{""A1_V1_조선의_성립"": 0, ""A2_V2_사림_세력의_성장"": 0, ""A3_V3_왜란과_호란의_극복"": 0, ""A4_VI1_붕당_정치와_탕평책"": 4}","{""B1_V1_건국"": 0, ""B2_V1_조선의_통치_제도"": 0, ""B3_V1_15세기_민족_문화의_발달"": 0, ""B4_V2_사림_세력의_성장"": 0, ""B5_V3_왜란과_호란의_극복"": 0, ""B6_VI1_붕당_정치와_탕평책"": 4}"
상업 자유화,4,4,A4_VI1_붕당_정치와_탕평책,1.0,1,B6_VI1_붕당_정치와_탕평책,1.0,1,"{""A1_V1_조선의_성립"": 0, ""A2_V2_사림_세력의_성장"": 0, ""A3_V3_왜란과_호란의_극복"": 0, ""A4_VI1_붕당_정치와_탕평책"": 4}","{""B1_V1_건국"": 0, ""B2_V1_조선의_통치_제도"": 0, ""B3_V1_15세기_민족_문화의_발달"": 0, ""B4_V2_사림_세력의_성장"": 0, ""B5_V3_왜란과_호란의_극복"": 0, ""B6_VI1_붕당_정치와_탕평책"": 4}"
광산 개발,4,4,A4_VI1_붕당_정치와_탕평책,1.0,1,B6_VI1_붕당_정치와_탕평책,1.0,1,"{""A1_V1_조선의_성립"": 0, ""A2_V2_사림_세력의_성장"": 0, ""A3_V3_왜란과_호란의_극복"": 0, ""A4_VI1_붕당_정치와_탕평책"": 4}","{""B1_V1_건국"": 0, ""B2_V1_조선의_통치_제도"": 0, ""B3_V1_15세기_민족_문화의_발달"": 0, ""B4_V2_사림_세력의_성장"": 0, ""B5_V3_왜란과_호란의_극복"": 0, ""B6_VI1_붕당_정치와_탕평책"": 4}"
서울 인구 증가,4,4,A4_VI1_붕당_정치와_탕평책,1.0,1,B6_VI1_붕당_정치와_탕평책,1.0,1,"{""A1_V1_조선의_성립"": 0, ""A2_V2_사림_세력의_성장"": 0, ""A3_V3_왜란과_호란의_극복"": 0, ""A4_VI1_붕당_정치와_탕평책"": 4}","{""B1_V1_건국"": 0, ""B2_V1_조선의_통치_제도"": 0, ""B3_V1_15세기_민족_문화의_발달"": 0, ""B4_V2_사림_세력의_성장"": 0, ""B5_V3_왜란과_호란의_극복"": 0, ""B6_VI1_붕당_정치와_탕평책"": 4}"
한강 포구 증가,4,4,A4_VI1_붕당_정치와_탕평책,1.0,1,B6_VI1_붕당_정치와_탕평책,1.0,1,"{""A1_V1_조선의_성립"": 0, ""A2_V2_사림_세력의_성장"": 0, ""A3_V3_왜란과_호란의_극복"": 0, ""A4_VI1_붕당_정치와_탕평책"": 4}","{""B1_V1_건국"": 0, ""B2_V1_조선의_통치_제도"": 0, ""B3_V1_15세기_민족_문화의_발달"": 0, ""B4_V2_사림_세력의_성장"": 0, ""B5_V3_왜란과_호란의_극복"": 0, ""B6_VI1_붕당_정치와_탕평책"": 4}"
서얼 차별 완화,4,4,A4_VI1_붕당_정치와_탕평책,1.0,1,B6_VI1_붕당_정치와_탕평책,1.0,1,"{""A1_V1_조선의_성립"": 0, ""A2_V2_사림_세력의_성장"": 0, ""A3_V3_왜란과_호란의_극복"": 0, ""A4_VI1_붕당_정치와_탕평책"": 4}","{""B1_V1_건국"": 0, ""B2_V1_조선의_통치_제도"": 0, ""B3_V1_15세기_민족_문화의_발달"": 0, ""B4_V2_사림_세력의_성장"": 0, ""B5_V3_왜란과_호란의_극복"": 0, ""B6_VI1_붕당_정치와_탕평책"": 4}"
노비 차별 완화,4,4,A4_VI1_붕당_정치와_탕평책,1.0,1,B6_VI1_붕당_정치와_탕평책,1.0,1,"{""A1_V1_조선의_성립"": 0, ""A2_V2_사림_세력의_성장"": 0, ""A3_V3_왜란과_호란의_극복"": 0, ""A4_VI1_붕당_정치와_탕평책"": 4}","{""B1_V1_건국"": 0, ""B2_V1_조선의_통치_제도"": 0, ""B3_V1_15세기_민족_문화의_발달"": 0, ""B4_V2_사림_세력의_성장"": 0, ""B5_V3_왜란과_호란의_극복"": 0, ""B6_VI1_붕당_정치와_탕평책"": 4}"
계유정난,4,4,A4_VI1_붕당_정치와_탕평책,1.0,1,B6_VI1_붕당_정치와_탕평책,1.0,1,"{""A1_V1_조선의_성립"": 0, ""A2_V2_사림_세력의_성장"": 0, ""A3_V3_왜란과_호란의_극복"": 0, ""A4_VI1_붕당_정치와_탕평책"": 4}","{""B1_V1_건국"": 0, ""B2_V1_조선의_통치_제도"": 0, ""B3_V1_15세기_민족_문화의_발달"": 0, ""B4_V2_사림_세력의_성장"": 0, ""B5_V3_왜란과_호란의_극복"": 0, ""B6_VI1_붕당_정치와_탕평책"": 4}"
수원읍성,4,4,A4_VI1_붕당_정치와_탕평책,1.0,1,B6_VI1_붕당_정치와_탕평책,1.0,1,"{""A1_V1_조선의_성립"": 0, ""A2_V2_사림_세력의_성장"": 0, ""A3_V3_왜란과_호란의_극복"": 0, ""A4_VI1_붕당_정치와_탕평책"": 4}","{""B1_V1_건국"": 0, ""B2_V1_조선의_통치_제도"": 0, ""B3_V1_15세기_민족_문화의_발달"": 0, ""B4_V2_사림_세력의_성장"": 0, ""B5_V3_왜란과_호란의_극복"": 0, ""B6_VI1_붕당_정치와_탕평책"": 4}"
화성부,4,4,A4_VI1_붕당_정치와_탕평책,1.0,1,B6_VI1_붕당_정치와_탕평책,1.0,1,"{""A1_V1_조선의_성립"": 0, ""A2_V2_사림_세력의_성장"": 0, ""A3_V3_왜란과_호란의_극복"": 0, ""A4_VI1_붕당_정치와_탕평책"": 4}","{""B1_V1_건국"": 0, ""B2_V1_조선의_통치_제도"": 0, ""B3_V1_15세기_민족_문화의_발달"": 0, ""B4_V2_사림_세력의_성장"": 0, ""B5_V3_왜란과_호란의_극복"": 0, ""B6_VI1_붕당_정치와_탕평책"": 4}"
조선 후기,3,3,A4_VI1_붕당_정치와_탕평책,1.0,1,B6_VI1_붕당_정치와_탕평책,1.0,1,"{""A1_V1_조선의_성립"": 0, ""A2_V2_사림_세력의_성장"": 0, ""A3_V3_왜란과_호란의_극복"": 0, ""A4_VI1_붕당_정치와_탕평책"": 3}","{""B1_V1_건국"": 0, ""B2_V1_조선의_통치_제도"": 0, ""B3_V1_15세기_민족_문화의_발달"": 0, ""B4_V2_사림_세력의_성장"": 0, ""B5_V3_왜란과_호란의_극복"": 0, ""B6_VI1_붕당_정치와_탕평책"": 3}"
농촌,3,3,A4_VI1_붕당_정치와_탕평책,1.0,1,B6_VI1_붕당_정치와_탕평책,1.0,1,"{""A1_V1_조선의_성립"": 0, ""A2_V2_사림_세력의_성장"": 0, ""A3_V3_왜란과_호란의_극복"": 0, ""A4_VI1_붕당_정치와_탕평책"": 3}","{""B1_V1_건국"": 0, ""B2_V1_조선의_통치_제도"": 0, ""B3_V1_15세기_민족_문화의_발달"": 0, ""B4_V2_사림_세력의_성장"": 0, ""B5_V3_왜란과_호란의_극복"": 0, ""B6_VI1_붕당_정치와_탕평책"": 3}"
도시,3,3,A4_VI1_붕당_정치와_탕평책,1.0,1,B6_VI1_붕당_정치와_탕평책,1.0,1,"{""A1_V1_조선의_성립"": 0, ""A2_V2_사림_세력의_성장"": 0, ""A3_V3_왜란과_호란의_극복"": 0, ""A4_VI1_붕당_정치와_탕평책"": 3}","{""B1_V1_건국"": 0, ""B2_V1_조선의_통치_제도"": 0, ""B3_V1_15세기_민족_문화의_발달"": 0, ""B4_V2_사림_세력의_성장"": 0, ""B5_V3_왜란과_호란의_극복"": 0, ""B6_VI1_붕당_정치와_탕평책"": 3}"
대상인,3,3,A4_VI1_붕당_정치와_탕평책,1.0,1,B6_VI1_붕당_정치와_탕평책,1.0,1,"{""A1_V1_조선의_성립"": 0, ""A2_V2_사림_세력의_성장"": 0, ""A3_V3_왜란과_호란의_극복"": 0, ""A4_VI1_붕당_정치와_탕평책"": 3}","{""B1_V1_건국"": 0, ""B2_V1_조선의_통치_제도"": 0, ""B3_V1_15세기_민족_문화의_발달"": 0, ""B4_V2_사림_세력의_성장"": 0, ""B5_V3_왜란과_호란의_극복"": 0, ""B6_VI1_붕당_정치와_탕평책"": 3}"
영세 상인,3,3,A4_VI1_붕당_정치와_탕평책,1.0,1,B6_VI1_붕당_정치와_탕평책,1.0,1,"{""A1_V1_조선의_성립"": 0, ""A2_V2_사림_세력의_성장"": 0, ""A3_V3_왜란과_호란의_극복"": 0, ""A4_VI1_붕당_정치와_탕평책"": 3}","{""B1_V1_건국"": 0, ""B2_V1_조선의_통치_제도"": 0, ""B3_V1_15세기_민족_문화의_발달"": 0, ""B4_V2_사림_세력의_성장"": 0, ""B5_V3_왜란과_호란의_극복"": 0, ""B6_VI1_붕당_정치와_탕평책"": 3}"
실학자,3,3,A4_VI1_붕당_정치와_탕평책,1.0,1,B6_VI1_붕당_정치와_탕평책,1.0,1,"{""A1_V1_조선의_성립"": 0, ""A2_V2_사림_세력의_성장"": 0, ""A3_V3_왜란과_호란의_극복"": 0, ""A4_VI1_붕당_정치와_탕평책"": 3}","{""B1_V1_건국"": 0, ""B2_V1_조선의_통치_제도"": 0, ""B3_V1_15세기_민족_문화의_발달"": 0, ""B4_V2_사림_세력의_성장"": 0, ""B5_V3_왜란과_호란의_극복"": 0, ""B6_VI1_붕당_정치와_탕평책"": 3}"
이수광,3,3,A4_VI1_붕당_정치와_탕평책,1.0,1,B6_VI1_붕당_정치와_탕평책,1.0,1,"{""A1_V1_조선의_성립"": 0, ""A2_V2_사림_세력의_성장"": 0, ""A3_V3_왜란과_호란의_극복"": 0, ""A4_VI1_붕당_정치와_탕평책"": 3}","{""B1_V1_건국"": 0, ""B2_V1_조선의_통치_제도"": 0, ""B3_V1_15세기_민족_문화의_발달"": 0, ""B4_V2_사림_세력의_성장"": 0, ""B5_V3_왜란과_호란의_극복"": 0, ""B6_VI1_붕당_정치와_탕평책"": 3}"
김육,3,3,A4_VI1_붕당_정치와_탕평책,1.0,1,B6_VI1_붕당_정치와_탕평책,1.0,1,"{""A1_V1_조선의_성립"": 0, ""A2_V2_사림_세력의_성장"": 0, ""A3_V3_왜란과_호란의_극복"": 0, ""A4_VI1_붕당_정치와_탕평책"": 3}","{""B1_V1_건국"": 0, ""B2_V1_조선의_통치_제도"": 0, ""B3_V1_15세기_민족_문화의_발달"": 0, ""B4_V2_사림_세력의_성장"": 0, ""B5_V3_왜란과_호란의_극복"": 0, ""B6_VI1_붕당_정치와_탕평책"": 3}"
대동법,3,3,A4_VI1_붕당_정치와_탕평책,1.0,1,B6_VI1_붕당_정치와_탕평책,1.0,1,"{""A1_V1_조선의_성립"": 0, ""A2_V2_사림_세력의_성장"": 0, ""A3_V3_왜란과_호란의_극복"": 0, ""A4_VI1_붕당_정치와_탕평책"": 3}","{""B1_V1_건국"": 0, ""B2_V1_조선의_통치_제도"": 0, ""B3_V1_15세기_민족_문화의_발달"": 0, ""B4_V2_사림_세력의_성장"": 0, ""B5_V3_왜란과_호란의_극복"": 0, ""B6_VI1_붕당_정치와_탕평책"": 3}"
중농 학파,3,3,A4_VI1_붕당_정치와_탕평책,1.0,1,B6_VI1_붕당_정치와_탕평책,1.0,1,"{""A1_V1_조선의_성립"": 0, ""A2_V2_사림_세력의_성장"": 0, ""A3_V3_왜란과_호란의_극복"": 0, ""A4_VI1_붕당_정치와_탕평책"": 3}","{""B1_V1_건국"": 0, ""B2_V1_조선의_통치_제도"": 0, ""B3_V1_15세기_민족_문화의_발달"": 0, ""B4_V2_사림_세력의_성장"": 0, ""B5_V3_왜란과_호란의_극복"": 0, ""B6_VI1_붕당_정치와_탕평책"": 3}"
중상 학파,3,3,A4_VI1_붕당_정치와_탕평책,1.0,1,B6_VI1_붕당_정치와_탕평책,1.0,1,"{""A1_V1_조선의_성립"": 0, ""A2_V2_사림_세력의_성장"": 0, ""A3_V3_왜란과_호란의_극복"": 0, ""A4_VI1_붕당_정치와_탕평책"": 3}","{""B1_V1_건국"": 0, ""B2_V1_조선의_통치_제도"": 0, ""B3_V1_15세기_민족_문화의_발달"": 0, ""B4_V2_사림_세력의_성장"": 0, ""B5_V3_왜란과_호란의_극복"": 0, ""B6_VI1_붕당_정치와_탕평책"": 3}"
유형원,3,3,A4_VI1_붕당_정치와_탕평책,1.0,1,B6_VI1_붕당_정치와_탕평책,1.0,1,"{""A1_V1_조선의_성립"": 0, ""A2_V2_사림_세력의_성장"": 0, ""A3_V3_왜란과_호란의_극복"": 0, ""A4_VI1_붕당_정치와_탕평책"": 3}","{""B1_V1_건국"": 0, ""B2_V1_조선의_통치_제도"": 0, ""B3_V1_15세기_민족_문화의_발달"": 0, ""B4_V2_사림_세력의_성장"": 0, ""B5_V3_왜란과_호란의_극복"": 0, ""B6_VI1_붕당_정치와_탕평책"": 3}"
이익,3,3,A4_VI1_붕당_정치와_탕평책,1.0,1,B6_VI1_붕당_정치와_탕평책,1.0,1,"{""A1_V1_조선의_성립"": 0, ""A2_V2_사림_세력의_성장"": 0, ""A3_V3_왜란과_호란의_극복"": 0, ""A4_VI1_붕당_정치와_탕평책"": 3}","{""B1_V1_건국"": 0, ""B2_V1_조선의_통치_제도"": 0, ""B3_V1_15세기_민족_문화의_발달"": 0, ""B4_V2_사림_세력의_성장"": 0, ""B5_V3_왜란과_호란의_극복"": 0, ""B6_VI1_붕당_정치와_탕평책"": 3}"
정약용,3,3,A4_VI1_붕당_정치와_탕평책,1.0,1,B6_VI1_붕당_정치와_탕평책,1.0,1,"{""A1_V1_조선의_성립"": 0, ""A2_V2_사림_세력의_성장"": 0, ""A3_V3_왜란과_호란의_극복"": 0, ""A4_VI1_붕당_정치와_탕평책"": 3}","{""B1_V1_건국"": 0, ""B2_V1_조선의_통치_제도"": 0, ""B3_V1_15세기_민족_문화의_발달"": 0, ""B4_V2_사림_세력의_성장"": 0, ""B5_V3_왜란과_호란의_극복"": 0, ""B6_VI1_붕당_정치와_탕평책"": 3}"
유수원,3,3,A4_VI1_붕당_정치와_탕평책,1.0,1,B6_VI1_붕당_정치와_탕평책,1.0,1,"{""A1_V1_조선의_성립"": 0, ""A2_V2_사림_세력의_성장"": 0, ""A3_V3_왜란과_호란의_극복"": 0, ""A4_VI1_붕당_정치와_탕평책"": 3}","{""B1_V1_건국"": 0, ""B2_V1_조선의_통치_제도"": 0, ""B3_V1_15세기_민족_문화의_발달"": 0, ""B4_V2_사림_세력의_성장"": 0, ""B5_V3_왜란과_호란의_극복"": 0, ""B6_VI1_붕당_정치와_탕평책"": 3}"
홍대용,3,3,A4_VI1_붕당_정치와_탕평책,1.0,1,B6_VI1_붕당_정치와_탕평책,1.0,1,"{""A1_V1_조선의_성립"": 0, ""A2_V2_사림_세력의_성장"": 0, ""A3_V3_왜란과_호란의_극복"": 0, ""A4_VI1_붕당_정치와_탕평책"": 3}","{""B1_V1_건국"": 0, ""B2_V1_조선의_통치_제도"": 0, ""B3_V1_15세기_민족_문화의_발달"": 0, ""B4_V2_사림_세력의_성장"": 0, ""B5_V3_왜란과_호란의_극복"": 0, ""B6_VI1_붕당_정치와_탕평책"": 3}"
박지원,3,3,A4_VI1_붕당_정치와_탕평책,1.0,1,B6_VI1_붕당_정치와_탕평책,1.0,1,"{""A1_V1_조선의_성립"": 0, ""A2_V2_사림_세력의_성장"": 0, ""A3_V3_왜란과_호란의_극복"": 0, ""A4_VI1_붕당_정치와_탕평책"": 3}","{""B1_V1_건국"": 0, ""B2_V1_조선의_통치_제도"": 0, ""B3_V1_15세기_민족_문화의_발달"": 0, ""B4_V2_사림_세력의_성장"": 0, ""B5_V3_왜란과_호란의_극복"": 0, ""B6_VI1_붕당_정치와_탕평책"": 3}"
박제가,3,3,A4_VI1_붕당_정치와_탕평책,1.0,1,B6_VI1_붕당_정치와_탕평책,1.0,1,"{""A1_V1_조선의_성립"": 0, ""A2_V2_사림_세력의_성장"": 0, ""A3_V3_왜란과_호란의_극복"": 0, ""A4_VI1_붕당_정치와_탕평책"": 3}","{""B1_V1_건국"": 0, ""B2_V1_조선의_통치_제도"": 0, ""B3_V1_15세기_민족_문화의_발달"": 0, ""B4_V2_사림_세력의_성장"": 0, ""B5_V3_왜란과_호란의_극복"": 0, ""B6_VI1_붕당_정치와_탕평책"": 3}"
북학파,3,3,A4_VI1_붕당_정치와_탕평책,1.0,1,B6_VI1_붕당_정치와_탕평책,1.0,1,"{""A1_V1_조선의_성립"": 0, ""A2_V2_사림_세력의_성장"": 0, ""A3_V3_왜란과_호란의_극복"": 0, ""A4_VI1_붕당_정치와_탕평책"": 3}","{""B1_V1_건국"": 0, ""B2_V1_조선의_통치_제도"": 0, ""B3_V1_15세기_민족_문화의_발달"": 0, ""B4_V2_사림_세력의_성장"": 0, ""B5_V3_왜란과_호란의_극복"": 0, ""B6_VI1_붕당_정치와_탕평책"": 3}"
국학 연구,3,3,A4_VI1_붕당_정치와_탕평책,1.0,1,B6_VI1_붕당_정치와_탕평책,1.0,1,"{""A1_V1_조선의_성립"": 0, ""A2_V2_사림_세력의_성장"": 0, ""A3_V3_왜란과_호란의_극복"": 0, ""A4_VI1_붕당_정치와_탕평책"": 3}","{""B1_V1_건국"": 0, ""B2_V1_조선의_통치_제도"": 0, ""B3_V1_15세기_민족_문화의_발달"": 0, ""B4_V2_사림_세력의_성장"": 0, ""B5_V3_왜란과_호란의_극복"": 0, ""B6_VI1_붕당_정치와_탕평책"": 3}"
안정복,3,3,A4_VI1_붕당_정치와_탕평책,1.0,1,B6_VI1_붕당_정치와_탕평책,1.0,1,"{""A1_V1_조선의_성립"": 0, ""A2_V2_사림_세력의_성장"": 0, ""A3_V3_왜란과_호란의_극복"": 0, ""A4_VI1_붕당_정치와_탕평책"": 3}","{""B1_V1_건국"": 0, ""B2_V1_조선의_통치_제도"": 0, ""B3_V1_15세기_민족_문화의_발달"": 0, ""B4_V2_사림_세력의_성장"": 0, ""B5_V3_왜란과_호란의_극복"": 0, ""B6_VI1_붕당_정치와_탕평책"": 3}"
유득공,3,3,A4_VI1_붕당_정치와_탕평책,1.0,1,B6_VI1_붕당_정치와_탕평책,1.0,1,"{""A1_V1_조선의_성립"": 0, ""A2_V2_사림_세력의_성장"": 0, ""A3_V3_왜란과_호란의_극복"": 0, ""A4_VI1_붕당_정치와_탕평책"": 3}","{""B1_V1_건국"": 0, ""B2_V1_조선의_통치_제도"": 0, ""B3_V1_15세기_민족_문화의_발달"": 0, ""B4_V2_사림_세력의_성장"": 0, ""B5_V3_왜란과_호란의_극복"": 0, ""B6_VI1_붕당_정치와_탕평책"": 3}"
가난한 농민,3,3,A4_VI1_붕당_정치와_탕평책,1.0,1,B6_VI1_붕당_정치와_탕평책,1.0,1,"{""A1_V1_조선의_성립"": 0, ""A2_V2_사림_세력의_성장"": 0, ""A3_V3_왜란과_호란의_극복"": 0, ""A4_VI1_붕당_정치와_탕평책"": 3}","{""B1_V1_건국"": 0, ""B2_V1_조선의_통치_제도"": 0, ""B3_V1_15세기_민족_문화의_발달"": 0, ""B4_V2_사림_세력의_성장"": 0, ""B5_V3_왜란과_호란의_극복"": 0, ""B6_VI1_붕당_정치와_탕평책"": 3}"
토지 제도,3,3,A4_VI1_붕당_정치와_탕평책,1.0,1,B6_VI1_붕당_정치와_탕평책,1.0,1,"{""A1_V1_조선의_성립"": 0, ""A2_V2_사림_세력의_성장"": 0, ""A3_V3_왜란과_호란의_극복"": 0, ""A4_VI1_붕당_정치와_탕평책"": 3}","{""B1_V1_건국"": 0, ""B2_V1_조선의_통치_제도"": 0, ""B3_V1_15세기_민족_문화의_발달"": 0, ""B4_V2_사림_세력의_성장"": 0, ""B5_V3_왜란과_호란의_극복"": 0, ""B6_VI1_붕당_정치와_탕평책"": 3}"
상공업 진흥론,3,3,A4_VI1_붕당_정치와_탕평책,1.0,1,B6_VI1_붕당_정치와_탕평책,1.0,1,"{""A1_V1_조선의_성립"": 0, ""A2_V2_사림_세력의_성장"": 0, ""A3_V3_왜란과_호란의_극복"": 0, ""A4_VI1_붕당_정치와_탕평책"": 3}","{""B1_V1_건국"": 0, ""B2_V1_조선의_통치_제도"": 0, ""B3_V1_15세기_민족_문화의_발달"": 0, ""B4_V2_사림_세력의_성장"": 0, ""B5_V3_왜란과_호란의_극복"": 0, ""B6_VI1_붕당_정치와_탕평책"": 3}"
교통 수단,3,3,A4_VI1_붕당_정치와_탕평책,1.0,1,B6_VI1_붕당_정치와_탕평책,1.0,1,"{""A1_V1_조선의_성립"": 0, ""A2_V2_사림_세력의_성장"": 0, ""A3_V3_왜란과_호란의_극복"": 0, ""A4_VI1_붕당_정치와_탕평책"": 3}","{""B1_V1_건국"": 0, ""B2_V1_조선의_통치_제도"": 0, ""B3_V1_15세기_민족_문화의_발달"": 0, ""B4_V2_사림_세력의_성장"": 0, ""B5_V3_왜란과_호란의_극복"": 0, ""B6_VI1_붕당_정치와_탕평책"": 3}"
이중환,2,2,A4_VI1_붕당_정치와_탕평책,1.0,1,B6_VI1_붕당_정치와_탕평책,1.0,1,"{""A1_V1_조선의_성립"": 0, ""A2_V2_사림_세력의_성장"": 0, ""A3_V3_왜란과_호란의_극복"": 0, ""A4_VI1_붕당_정치와_탕평책"": 2}","{""B1_V1_건국"": 0, ""B2_V1_조선의_통치_제도"": 0, ""B3_V1_15세기_민족_문화의_발달"": 0, ""B4_V2_사림_세력의_성장"": 0, ""B5_V3_왜란과_호란의_극복"": 0, ""B6_VI1_붕당_정치와_탕평책"": 2}"
정상기,2,2,A4_VI1_붕당_정치와_탕평책,1.0,1,B6_VI1_붕당_정치와_탕평책,1.0,1,"{""A1_V1_조선의_성립"": 0, ""A2_V2_사림_세력의_성장"": 0, ""A3_V3_왜란과_호란의_극복"": 0, ""A4_VI1_붕당_정치와_탕평책"": 2}","{""B1_V1_건국"": 0, ""B2_V1_조선의_통치_제도"": 0, ""B3_V1_15세기_민족_문화의_발달"": 0, ""B4_V2_사림_세력의_성장"": 0, ""B5_V3_왜란과_호란의_극복"": 0, ""B6_VI1_붕당_정치와_탕평책"": 2}"
김정호,2,2,A4_VI1_붕당_정치와_탕평책,1.0,1,B6_VI1_붕당_정치와_탕평책,1.0,1,"{""A1_V1_조선의_성립"": 0, ""A2_V2_사림_세력의_성장"": 0, ""A3_V3_왜란과_호란의_극복"": 0, ""A4_VI1_붕당_정치와_탕평책"": 2}","{""B1_V1_건국"": 0, ""B2_V1_조선의_통치_제도"": 0, ""B3_V1_15세기_민족_문화의_발달"": 0, ""B4_V2_사림_세력의_성장"": 0, ""B5_V3_왜란과_호란의_극복"": 0, ""B6_VI1_붕당_정치와_탕평책"": 2}"
신경준,2,2,A4_VI1_붕당_정치와_탕평책,1.0,1,B6_VI1_붕당_정치와_탕평책,1.0,1,"{""A1_V1_조선의_성립"": 0, ""A2_V2_사림_세력의_성장"": 0, ""A3_V3_왜란과_호란의_극복"": 0, ""A4_VI1_붕당_정치와_탕평책"": 2}","{""B1_V1_건국"": 0, ""B2_V1_조선의_통치_제도"": 0, ""B3_V1_15세기_민족_문화의_발달"": 0, ""B4_V2_사림_세력의_성장"": 0, ""B5_V3_왜란과_호란의_극복"": 0, ""B6_VI1_붕당_정치와_탕평책"": 2}"
유희,2,2,A4_VI1_붕당_정치와_탕평책,1.0,1,B6_VI1_붕당_정치와_탕평책,1.0,1,"{""A1_V1_조선의_성립"": 0, ""A2_V2_사림_세력의_성장"": 0, ""A3_V3_왜란과_호란의_극복"": 0, ""A4_VI1_붕당_정치와_탕평책"": 2}","{""B1_V1_건국"": 0, ""B2_V1_조선의_통치_제도"": 0, ""B3_V1_15세기_민족_문화의_발달"": 0, ""B4_V2_사림_세력의_성장"": 0, ""B5_V3_왜란과_호란의_극복"": 0, ""B6_VI1_붕당_정치와_탕평책"": 2}"
이제마,2,2,A4_VI1_붕당_정치와_탕평책,1.0,1,B6_VI1_붕당_정치와_탕평책,1.0,1,"{""A1_V1_조선의_성립"": 0, ""A2_V2_사림_세력의_성장"": 0, ""A3_V3_왜란과_호란의_극복"": 0, ""A4_VI1_붕당_정치와_탕평책"": 2}","{""B1_V1_건국"": 0, ""B2_V1_조선의_통치_제도"": 0, ""B3_V1_15세기_민족_문화의_발달"": 0, ""B4_V2_사림_세력의_성장"": 0, ""B5_V3_왜란과_호란의_극복"": 0, ""B6_VI1_붕당_정치와_탕평책"": 2}"
실사구시,2,2,A4_VI1_붕당_정치와_탕평책,1.0,1,B6_VI1_붕당_정치와_탕평책,1.0,1,"{""A1_V1_조선의_성립"": 0, ""A2_V2_사림_세력의_성장"": 0, ""A3_V3_왜란과_호란의_극복"": 0, ""A4_VI1_붕당_정치와_탕평책"": 2}","{""B1_V1_건국"": 0, ""B2_V1_조선의_통치_제도"": 0, ""B3_V1_15세기_민족_문화의_발달"": 0, ""B4_V2_사림_세력의_성장"": 0, ""B5_V3_왜란과_호란의_극복"": 0, ""B6_VI1_붕당_정치와_탕평책"": 2}"
개화 사상가,2,2,A4_VI1_붕당_정치와_탕평책,1.0,1,B6_VI1_붕당_정치와_탕평책,1.0,1,"{""A1_V1_조선의_성립"": 0, ""A2_V2_사림_세력의_성장"": 0, ""A3_V3_왜란과_호란의_극복"": 0, ""A4_VI1_붕당_정치와_탕평책"": 2}","{""B1_V1_건국"": 0, ""B2_V1_조선의_통치_제도"": 0, ""B3_V1_15세기_민족_문화의_발달"": 0, ""B4_V2_사림_세력의_성장"": 0, ""B5_V3_왜란과_호란의_극복"": 0, ""B6_VI1_붕당_정치와_탕평책"": 2}"
발해고,2,2,A4_VI1_붕당_정치와_탕평책,1.0,1,B6_VI1_붕당_정치와_탕평책,1.0,1,"{""A1_V1_조선의_성립"": 0, ""A2_V2_사림_세력의_성장"": 0, ""A3_V3_왜란과_호란의_극복"": 0, ""A4_VI1_붕당_정치와_탕평책"": 2}","{""B1_V1_건국"": 0, ""B2_V1_조선의_통치_제도"": 0, ""B3_V1_15세기_민족_문화의_발달"": 0, ""B4_V2_사림_세력의_성장"": 0, ""B5_V3_왜란과_호란의_극복"": 0, ""B6_VI1_붕당_정치와_탕평책"": 2}"
택리지,2,2,A4_VI1_붕당_정치와_탕평책,1.0,1,B6_VI1_붕당_정치와_탕평책,1.0,1,"{""A1_V1_조선의_성립"": 0, ""A2_V2_사림_세력의_성장"": 0, ""A3_V3_왜란과_호란의_극복"": 0, ""A4_VI1_붕당_정치와_탕평책"": 2}","{""B1_V1_건국"": 0, ""B2_V1_조선의_통치_제도"": 0, ""B3_V1_15세기_민족_문화의_발달"": 0, ""B4_V2_사림_세력의_성장"": 0, ""B5_V3_왜란과_호란의_극복"": 0, ""B6_VI1_붕당_정치와_탕평책"": 2}"
동국지도,2,2,A4_VI1_붕당_정치와_탕평책,1.0,1,B6_VI1_붕당_정치와_탕평책,1.0,1,"{""A1_V1_조선의_성립"": 0, ""A2_V2_사림_세력의_성장"": 0, ""A3_V3_왜란과_호란의_극복"": 0, ""A4_VI1_붕당_정치와_탕평책"": 2}","{""B1_V1_건국"": 0, ""B2_V1_조선의_통치_제도"": 0, ""B3_V1_15세기_민족_문화의_발달"": 0, ""B4_V2_사림_세력의_성장"": 0, ""B5_V3_왜란과_호란의_극복"": 0, ""B6_VI1_붕당_정치와_탕평책"": 2}"
대동여지도,2,2,A4_VI1_붕당_정치와_탕평책,1.0,1,B6_VI1_붕당_정치와_탕평책,1.0,1,"{""A1_V1_조선의_성립"": 0, ""A2_V2_사림_세력의_성장"": 0, ""A3_V3_왜란과_호란의_극복"": 0, ""A4_VI1_붕당_정치와_탕평책"": 2}","{""B1_V1_건국"": 0, ""B2_V1_조선의_통치_제도"": 0, ""B3_V1_15세기_민족_문화의_발달"": 0, ""B4_V2_사림_세력의_성장"": 0, ""B5_V3_왜란과_호란의_극복"": 0, ""B6_VI1_붕당_정치와_탕평책"": 2}"
훈민정음운해,2,2,A4_VI1_붕당_정치와_탕평책,1.0,1,B6_VI1_붕당_정치와_탕평책,1.0,1,"{""A1_V1_조선의_성립"": 0, ""A2_V2_사림_세력의_성장"": 0, ""A3_V3_왜란과_호란의_극복"": 0, ""A4_VI1_붕당_정치와_탕평책"": 2}","{""B1_V1_건국"": 0, ""B2_V1_조선의_통치_제도"": 0, ""B3_V1_15세기_민족_문화의_발달"": 0, ""B4_V2_사림_세력의_성장"": 0, ""B5_V3_왜란과_호란의_극복"": 0, ""B6_VI1_붕당_정치와_탕평책"": 2}"
언문지,2,2,A4_VI1_붕당_정치와_탕평책,1.0,1,B6_VI1_붕당_정치와_탕평책,1.0,1,"{""A1_V1_조선의_성립"": 0, ""A2_V2_사림_세력의_성장"": 0, ""A3_V3_왜란과_호란의_극복"": 0, ""A4_VI1_붕당_정치와_탕평책"": 2}","{""B1_V1_건국"": 0, ""B2_V1_조선의_통치_제도"": 0, ""B3_V1_15세기_민족_문화의_발달"": 0, ""B4_V2_사림_세력의_성장"": 0, ""B5_V3_왜란과_호란의_극복"": 0, ""B6_VI1_붕당_정치와_탕평책"": 2}"
사상의학,2,2,A4_VI1_붕당_정치와_탕평책,1.0,1,B6_VI1_붕당_정치와_탕평책,1.0,1,"{""A1_V1_조선의_성립"": 0, ""A2_V2_사림_세력의_성장"": 0, ""A3_V3_왜란과_호란의_극복"": 0, ""A4_VI1_붕당_정치와_탕평책"": 2}","{""B1_V1_건국"": 0, ""B2_V1_조선의_통치_제도"": 0, ""B3_V1_15세기_민족_문화의_발달"": 0, ""B4_V2_사림_세력의_성장"": 0, ""B5_V3_왜란과_호란의_극복"": 0, ""B6_VI1_붕당_정치와_탕평책"": 2}"
